INSERT INTO KODEVERK (KODE,KODEVERK_EIER,KODEVERK_SYNK_NYE,KODEVERK_SYNK_EKSISTERENDE,NAVN,BESKRIVELSE,OPPRETTET_AV,OPPRETTET_TID,ENDRET_AV,ENDRET_TID,SAMMENSATT)
VALUES ('KRAV_STATUS_KODE','VL','N','N','Krav status kode fra økonomi','Krav status kode fra økonomi','VL',to_timestamp(sysdate,'DD.MM.RRRR'),null,null,'N');

INSERT INTO KODEVERK (KODE,KODEVERK_EIER,KODEVERK_SYNK_NYE,KODEVERK_SYNK_EKSISTERENDE,NAVN,BESKRIVELSE,OPPRETTET_AV,OPPRETTET_TID,ENDRET_AV,ENDRET_TID,SAMMENSATT)
VALUES ('GJELDER_TYPE','VL','N','N','Gjelder type fra økonomi','Gjelder type fra økonomi','VL',to_timestamp(sysdate,'DD.MM.RRRR'),null,null,'N');

INSERT INTO KODEVERK (KODE,KODEVERK_EIER,KODEVERK_SYNK_NYE,KODEVERK_SYNK_EKSISTERENDE,NAVN,BESKRIVELSE,OPPRETTET_AV,OPPRETTET_TID,ENDRET_AV,ENDRET_TID,SAMMENSATT)
VALUES ('KLASSE_TYPE','VL','N','N','Klasse type fra økonomi','Klasse type fra økonomi','VL',to_timestamp(sysdate,'DD.MM.RRRR'),null,null,'N');

INSERT INTO KODELISTE (ID,KODEVERK,KODE,OFFISIELL_KODE,BESKRIVELSE,GYLDIG_FOM,GYLDIG_TOM)
VALUES (seq_kodeliste.nextval,'KRAV_STATUS_KODE','ANNU',null,'Kravgrunnlag annullert',to_date('01.01.2000','DD.MM.RRRR'),to_date('31.12.9999','DD.MM.RRRR'));

INSERT INTO KODELISTE_NAVN_I18N (ID,KL_KODEVERK,KL_KODE,SPRAK,NAVN,OPPRETTET_AV,OPPRETTET_TID,ENDRET_AV,ENDRET_TID)
VALUES (SEQ_KODELISTE_NAVN_I18N.NEXTVAL,'KRAV_STATUS_KODE','ANNU','NB','Kravgrunnlag annullert','VL',to_date(sysdate,'DD.MM.RRRR'),null,null);

INSERT INTO KODELISTE (ID,KODEVERK,KODE,OFFISIELL_KODE,BESKRIVELSE,GYLDIG_FOM,GYLDIG_TOM)
VALUES (seq_kodeliste.nextval,'KRAV_STATUS_KODE','ANOM',null,'Kravgrunnlag annullert ved omg',to_date('01.01.2000','DD.MM.RRRR'),to_date('31.12.9999','DD.MM.RRRR'));

INSERT INTO KODELISTE_NAVN_I18N (ID,KL_KODEVERK,KL_KODE,SPRAK,NAVN,OPPRETTET_AV,OPPRETTET_TID,ENDRET_AV,ENDRET_TID)
VALUES (SEQ_KODELISTE_NAVN_I18N.NEXTVAL,'KRAV_STATUS_KODE','ANOM','NB','Kravgrunnlag annullert ved omg','VL',to_date(sysdate,'DD.MM.RRRR'),null,null);

INSERT INTO KODELISTE (ID,KODEVERK,KODE,OFFISIELL_KODE,BESKRIVELSE,GYLDIG_FOM,GYLDIG_TOM)
VALUES (seq_kodeliste.nextval,'KRAV_STATUS_KODE','AVSL',null,'Avsluttet kravgrunnlag',to_date('01.01.2000','DD.MM.RRRR'),to_date('31.12.9999','DD.MM.RRRR'));

INSERT INTO KODELISTE_NAVN_I18N (ID,KL_KODEVERK,KL_KODE,SPRAK,NAVN,OPPRETTET_AV,OPPRETTET_TID,ENDRET_AV,ENDRET_TID)
VALUES (SEQ_KODELISTE_NAVN_I18N.NEXTVAL,'KRAV_STATUS_KODE','AVSL','NB','Avsluttet kravgrunnlag','VL',to_date(sysdate,'DD.MM.RRRR'),null,null);

INSERT INTO KODELISTE (ID,KODEVERK,KODE,OFFISIELL_KODE,BESKRIVELSE,GYLDIG_FOM,GYLDIG_TOM)
VALUES (seq_kodeliste.nextval,'KRAV_STATUS_KODE','BEHA',null,'Kravgrunnlag ferdigbehandlet',to_date('01.01.2000','DD.MM.RRRR'),to_date('31.12.9999','DD.MM.RRRR'));

INSERT INTO KODELISTE_NAVN_I18N (ID,KL_KODEVERK,KL_KODE,SPRAK,NAVN,OPPRETTET_AV,OPPRETTET_TID,ENDRET_AV,ENDRET_TID)
VALUES (SEQ_KODELISTE_NAVN_I18N.NEXTVAL,'KRAV_STATUS_KODE','BEHA','NB','Kravgrunnlag ferdigbehandlet','VL',to_date(sysdate,'DD.MM.RRRR'),null,null);

INSERT INTO KODELISTE (ID,KODEVERK,KODE,OFFISIELL_KODE,BESKRIVELSE,GYLDIG_FOM,GYLDIG_TOM)
VALUES (seq_kodeliste.nextval,'KRAV_STATUS_KODE','ENDR',null,'Endret kravgrunnlag',to_date('01.01.2000','DD.MM.RRRR'),to_date('31.12.9999','DD.MM.RRRR'));

INSERT INTO KODELISTE_NAVN_I18N (ID,KL_KODEVERK,KL_KODE,SPRAK,NAVN,OPPRETTET_AV,OPPRETTET_TID,ENDRET_AV,ENDRET_TID)
VALUES (SEQ_KODELISTE_NAVN_I18N.NEXTVAL,'KRAV_STATUS_KODE','ENDR','NB','Endret kravgrunnlag','VL',to_date(sysdate,'DD.MM.RRRR'),null,null);

INSERT INTO KODELISTE (ID,KODEVERK,KODE,OFFISIELL_KODE,BESKRIVELSE,GYLDIG_FOM,GYLDIG_TOM)
VALUES (seq_kodeliste.nextval,'KRAV_STATUS_KODE','FEIL',null,'Feil på kravgrunnlag',to_date('01.01.2000','DD.MM.RRRR'),to_date('31.12.9999','DD.MM.RRRR'));

INSERT INTO KODELISTE_NAVN_I18N (ID,KL_KODEVERK,KL_KODE,SPRAK,NAVN,OPPRETTET_AV,OPPRETTET_TID,ENDRET_AV,ENDRET_TID)
VALUES (SEQ_KODELISTE_NAVN_I18N.NEXTVAL,'KRAV_STATUS_KODE','FEIL','NB','Feil på kravgrunnlag','VL',to_date(sysdate,'DD.MM.RRRR'),null,null);

INSERT INTO KODELISTE (ID,KODEVERK,KODE,OFFISIELL_KODE,BESKRIVELSE,GYLDIG_FOM,GYLDIG_TOM)
VALUES (seq_kodeliste.nextval,'KRAV_STATUS_KODE','MANU',null,'Manuell behandling',to_date('01.01.2000','DD.MM.RRRR'),to_date('31.12.9999','DD.MM.RRRR'));

INSERT INTO KODELISTE_NAVN_I18N (ID,KL_KODEVERK,KL_KODE,SPRAK,NAVN,OPPRETTET_AV,OPPRETTET_TID,ENDRET_AV,ENDRET_TID)
VALUES (SEQ_KODELISTE_NAVN_I18N.NEXTVAL,'KRAV_STATUS_KODE','MANU','NB','Manuell behandling','VL',to_date(sysdate,'DD.MM.RRRR'),null,null);

INSERT INTO KODELISTE (ID,KODEVERK,KODE,OFFISIELL_KODE,BESKRIVELSE,GYLDIG_FOM,GYLDIG_TOM)
VALUES (seq_kodeliste.nextval,'KRAV_STATUS_KODE','NY',null,'Nytt kravgrunnlag',to_date('01.01.2000','DD.MM.RRRR'),to_date('31.12.9999','DD.MM.RRRR'));

INSERT INTO KODELISTE_NAVN_I18N (ID,KL_KODEVERK,KL_KODE,SPRAK,NAVN,OPPRETTET_AV,OPPRETTET_TID,ENDRET_AV,ENDRET_TID)
VALUES (SEQ_KODELISTE_NAVN_I18N.NEXTVAL,'KRAV_STATUS_KODE','NY','NB','Nytt kravgrunnlag','VL',to_date(sysdate,'DD.MM.RRRR'),null,null);

INSERT INTO KODELISTE (ID,KODEVERK,KODE,OFFISIELL_KODE,BESKRIVELSE,GYLDIG_FOM,GYLDIG_TOM)
VALUES (seq_kodeliste.nextval,'KRAV_STATUS_KODE','SPER',null,'Kravgrunnlag sperret',to_date('01.01.2000','DD.MM.RRRR'),to_date('31.12.9999','DD.MM.RRRR'));

INSERT INTO KODELISTE_NAVN_I18N (ID,KL_KODEVERK,KL_KODE,SPRAK,NAVN,OPPRETTET_AV,OPPRETTET_TID,ENDRET_AV,ENDRET_TID)
VALUES (SEQ_KODELISTE_NAVN_I18N.NEXTVAL,'KRAV_STATUS_KODE','SPER','NB','Kravgrunnlag sperret','VL',to_date(sysdate,'DD.MM.RRRR'),null,null);

INSERT INTO KODELISTE (ID,KODEVERK,KODE,OFFISIELL_KODE,BESKRIVELSE,GYLDIG_FOM,GYLDIG_TOM)
VALUES (seq_kodeliste.nextval,'GJELDER_TYPE','PERSON',null,'Person',to_date('01.01.2000','DD.MM.RRRR'),to_date('31.12.9999','DD.MM.RRRR'));

INSERT INTO KODELISTE_NAVN_I18N (ID,KL_KODEVERK,KL_KODE,SPRAK,NAVN,OPPRETTET_AV,OPPRETTET_TID,ENDRET_AV,ENDRET_TID)
VALUES (SEQ_KODELISTE_NAVN_I18N.NEXTVAL,'GJELDER_TYPE','PERSON','NB','Person','VL',to_date(sysdate,'DD.MM.RRRR'),null,null);

INSERT INTO KODELISTE (ID,KODEVERK,KODE,OFFISIELL_KODE,BESKRIVELSE,GYLDIG_FOM,GYLDIG_TOM)
VALUES (seq_kodeliste.nextval,'GJELDER_TYPE','ORGANISASJON',null,'Organisasjon',to_date('01.01.2000','DD.MM.RRRR'),to_date('31.12.9999','DD.MM.RRRR'));

INSERT INTO KODELISTE_NAVN_I18N (ID,KL_KODEVERK,KL_KODE,SPRAK,NAVN,OPPRETTET_AV,OPPRETTET_TID,ENDRET_AV,ENDRET_TID)
VALUES (SEQ_KODELISTE_NAVN_I18N.NEXTVAL,'GJELDER_TYPE','ORGANISASJON','NB','Organisasjon','VL',to_date(sysdate,'DD.MM.RRRR'),null,null);

INSERT INTO KODELISTE (ID,KODEVERK,KODE,OFFISIELL_KODE,BESKRIVELSE,GYLDIG_FOM,GYLDIG_TOM)
VALUES (seq_kodeliste.nextval,'GJELDER_TYPE','SAMHANDLER',null,'Samhandler',to_date('01.01.2000','DD.MM.RRRR'),to_date('31.12.9999','DD.MM.RRRR'));

INSERT INTO KODELISTE_NAVN_I18N (ID,KL_KODEVERK,KL_KODE,SPRAK,NAVN,OPPRETTET_AV,OPPRETTET_TID,ENDRET_AV,ENDRET_TID)
VALUES (SEQ_KODELISTE_NAVN_I18N.NEXTVAL,'GJELDER_TYPE','SAMHANDLER','NB','Samhandler','VL',to_date(sysdate,'DD.MM.RRRR'),null,null);

INSERT INTO KODELISTE (ID,KODEVERK,KODE,OFFISIELL_KODE,BESKRIVELSE,GYLDIG_FOM,GYLDIG_TOM)
VALUES (seq_kodeliste.nextval,'GJELDER_TYPE','APPBRUKER',null,'App bruker',to_date('01.01.2000','DD.MM.RRRR'),to_date('31.12.9999','DD.MM.RRRR'));

INSERT INTO KODELISTE_NAVN_I18N (ID,KL_KODEVERK,KL_KODE,SPRAK,NAVN,OPPRETTET_AV,OPPRETTET_TID,ENDRET_AV,ENDRET_TID)
VALUES (SEQ_KODELISTE_NAVN_I18N.NEXTVAL,'GJELDER_TYPE','APPBRUKER','NB','App bruker','VL',to_date(sysdate,'DD.MM.RRRR'),null,null);

INSERT INTO KODELISTE (ID,KODEVERK,KODE,OFFISIELL_KODE,BESKRIVELSE,GYLDIG_FOM,GYLDIG_TOM)
VALUES (seq_kodeliste.nextval,'KLASSE_TYPE','FEIL',null,'Feilkonto',to_date('01.01.2000','DD.MM.RRRR'),to_date('31.12.9999','DD.MM.RRRR'));

INSERT INTO KODELISTE_NAVN_I18N (ID,KL_KODEVERK,KL_KODE,SPRAK,NAVN,OPPRETTET_AV,OPPRETTET_TID,ENDRET_AV,ENDRET_TID)
VALUES (SEQ_KODELISTE_NAVN_I18N.NEXTVAL,'KLASSE_TYPE','FEIL','NB','Feilkonto','VL',to_date(sysdate,'DD.MM.RRRR'),null,null);

INSERT INTO KODELISTE (ID,KODEVERK,KODE,OFFISIELL_KODE,BESKRIVELSE,GYLDIG_FOM,GYLDIG_TOM)
VALUES (seq_kodeliste.nextval,'KLASSE_TYPE','JUST',null,'Justeringskonto',to_date('01.01.2000','DD.MM.RRRR'),to_date('31.12.9999','DD.MM.RRRR'));

INSERT INTO KODELISTE_NAVN_I18N (ID,KL_KODEVERK,KL_KODE,SPRAK,NAVN,OPPRETTET_AV,OPPRETTET_TID,ENDRET_AV,ENDRET_TID)
VALUES (SEQ_KODELISTE_NAVN_I18N.NEXTVAL,'KLASSE_TYPE','JUST','NB','Justeringskonto','VL',to_date(sysdate,'DD.MM.RRRR'),null,null);

INSERT INTO KODELISTE (ID,KODEVERK,KODE,OFFISIELL_KODE,BESKRIVELSE,GYLDIG_FOM,GYLDIG_TOM)
VALUES (seq_kodeliste.nextval,'KLASSE_TYPE','SKAT',null,'Skatt',to_date('01.01.2000','DD.MM.RRRR'),to_date('31.12.9999','DD.MM.RRRR'));

INSERT INTO KODELISTE_NAVN_I18N (ID,KL_KODEVERK,KL_KODE,SPRAK,NAVN,OPPRETTET_AV,OPPRETTET_TID,ENDRET_AV,ENDRET_TID)
VALUES (SEQ_KODELISTE_NAVN_I18N.NEXTVAL,'KLASSE_TYPE','SKAT','NB','Skatt','VL',to_date(sysdate,'DD.MM.RRRR'),null,null);

INSERT INTO KODELISTE (ID,KODEVERK,KODE,OFFISIELL_KODE,BESKRIVELSE,GYLDIG_FOM,GYLDIG_TOM)
VALUES (seq_kodeliste.nextval,'KLASSE_TYPE','TREK',null,'Trekk',to_date('01.01.2000','DD.MM.RRRR'),to_date('31.12.9999','DD.MM.RRRR'));

INSERT INTO KODELISTE_NAVN_I18N (ID,KL_KODEVERK,KL_KODE,SPRAK,NAVN,OPPRETTET_AV,OPPRETTET_TID,ENDRET_AV,ENDRET_TID)
VALUES (SEQ_KODELISTE_NAVN_I18N.NEXTVAL,'KLASSE_TYPE','TREK','NB','Trekk','VL',to_date(sysdate,'DD.MM.RRRR'),null,null);

INSERT INTO KODELISTE (ID,KODEVERK,KODE,OFFISIELL_KODE,BESKRIVELSE,GYLDIG_FOM,GYLDIG_TOM)
VALUES (seq_kodeliste.nextval,'KLASSE_TYPE','YTEL',null,'Ytelseskonto',to_date('01.01.2000','DD.MM.RRRR'),to_date('31.12.9999','DD.MM.RRRR'));

INSERT INTO KODELISTE_NAVN_I18N (ID,KL_KODEVERK,KL_KODE,SPRAK,NAVN,OPPRETTET_AV,OPPRETTET_TID,ENDRET_AV,ENDRET_TID)
VALUES (SEQ_KODELISTE_NAVN_I18N.NEXTVAL,'KLASSE_TYPE','YTEL','NB','Ytelseskonto','VL',to_date(sysdate,'DD.MM.RRRR'),null,null);

