--SLETTET GAMLE VERDIER AV FPSAK
DELETE FROM KODELISTE_NAVN_I18N WHERE KL_KODEVERK='OPPHOLD_AARSAK_TYPE';

DELETE FROM KODELISTE_NAVN_I18N WHERE KL_KODEVERK='OVERFOERING_AARSAK_TYPE';

DELETE FROM KODELISTE_NAVN_I18N WHERE KL_KODEVERK='UTSETTELSE_AARSAK_TYPE';

DELETE FROM KODELISTE_NAVN_I18N WHERE KL_KODEVERK='AVKORTING_AARSAK_TYPE';

DELETE FROM KODELISTE_NAVN_I18N WHERE KL_KODEVERK='UTTAK_UTSETTELSE_TYPE';

DELETE FROM KODELISTE_NAVN_I18N WHERE KL_KODEVERK='FAKTA_OM_BEREGNING_TILFELLE';

DELETE FROM KODELISTE_NAVN_I18N WHERE KL_KODEVERK='BEREGNINGSGRUNNLAG_TILSTAND';

DELETE FROM KODELISTE_NAVN_I18N WHERE KL_KODEVERK='OPPTJENING_AKTIVITET_TYPE';

DELETE FROM KODELISTE_NAVN_I18N WHERE KL_KODEVERK='MORS_AKTIVITET';

DELETE FROM KODELISTE_NAVN_I18N WHERE KL_KODEVERK='OMSORGSOVERTAKELSE_VILKAR';

DELETE FROM KODELISTE_NAVN_I18N WHERE KL_KODEVERK='GRADERING_AVSLAG_AARSAK';

DELETE FROM KODELISTE WHERE KODEVERK='OPPHOLD_AARSAK_TYPE';

DELETE FROM KODELISTE WHERE KODEVERK='OVERFOERING_AARSAK_TYPE';

DELETE FROM KODELISTE WHERE KODEVERK='UTSETTELSE_AARSAK_TYPE';

DELETE FROM KODELISTE WHERE KODEVERK='AVKORTING_AARSAK_TYPE';

DELETE FROM KODELISTE WHERE KODEVERK='UTTAK_UTSETTELSE_TYPE';

DELETE FROM KODELISTE WHERE KODEVERK='FAKTA_OM_BEREGNING_TILFELLE';

DELETE FROM KODELISTE WHERE KODEVERK='BEREGNINGSGRUNNLAG_TILSTAND';

DELETE FROM KODELISTE WHERE KODEVERK='OPPTJENING_AKTIVITET_TYPE';

DELETE FROM KODELISTE WHERE KODEVERK='MORS_AKTIVITET';

DELETE FROM KODELISTE WHERE KODEVERK='OMSORGSOVERTAKELSE_VILKAR';

DELETE FROM KODELISTE WHERE KODEVERK='GRADERING_AVSLAG_AARSAK';

DELETE FROM KODEVERK WHERE KODE='OPPHOLD_AARSAK_TYPE';

DELETE FROM KODEVERK WHERE KODE='OVERFOERING_AARSAK_TYPE';

DELETE FROM KODEVERK WHERE KODE='UTSETTELSE_AARSAK_TYPE';

DELETE FROM KODEVERK WHERE KODE='AVKORTING_AARSAK_TYPE';

DELETE FROM KODEVERK WHERE KODE='UTTAK_UTSETTELSE_TYPE';

DELETE FROM KODEVERK WHERE KODE='FAKTA_OM_BEREGNING_TILFELLE';

DELETE FROM KODEVERK WHERE KODE='BEREGNINGSGRUNNLAG_TILSTAND';

DELETE FROM KODEVERK WHERE KODE='OPPTJENING_AKTIVITET_TYPE';

DELETE FROM KODEVERK WHERE KODE='MORS_AKTIVITET';

DELETE FROM KODEVERK WHERE KODE='OMSORGSOVERTAKELSE_VILKAR';

DELETE FROM KODEVERK WHERE KODE='GRADERING_AVSLAG_AARSAK';

--------------------------------------------------------
  --  LA TIL NY Årsaker
--------------------------------------------------------

INSERT INTO KODEVERK (KODE,KODEVERK_EIER,KODEVERK_SYNK_NYE,KODEVERK_SYNK_EKSISTERENDE,NAVN,BESKRIVELSE,OPPRETTET_AV,OPPRETTET_TID,ENDRET_AV,ENDRET_TID,SAMMENSATT)
VALUES ('UTSETTELSE_AARSAK_TYPE','VL','N','N','Utsettelse aarsak type','Kodeverk over utsettelse årsaker i perioder.','VL',to_timestamp(sysdate,'DD.MM.RRRR'),null,null,'N');

INSERT INTO KODEVERK (KODE,KODEVERK_EIER,KODEVERK_SYNK_NYE,KODEVERK_SYNK_EKSISTERENDE,NAVN,BESKRIVELSE,OPPRETTET_AV,OPPRETTET_TID,ENDRET_AV,ENDRET_TID,SAMMENSATT)
VALUES ('MEDLEMSKAP_VILKAARET_TYPE','VL','N','N','Medlemskapsvilkåret type','Kodeverk over medlemskapsvilkåret i perioder.','VL',
to_timestamp(sysdate,'DD.MM.RRRR'),null,null,'N');

INSERT INTO KODEVERK (KODE,KODEVERK_EIER,KODEVERK_SYNK_NYE,KODEVERK_SYNK_EKSISTERENDE,NAVN,BESKRIVELSE,OPPRETTET_AV,OPPRETTET_TID,ENDRET_AV,ENDRET_TID,SAMMENSATT)
VALUES ('UTTAK_KVOTE','VL','N','N','Uttak Kvote','Kodeverk over endring i uttak kvote i perioder.','VL',to_timestamp(sysdate,'DD.MM.RRRR'),null,null,'N');

INSERT INTO KODEVERK (KODE,KODEVERK_EIER,KODEVERK_SYNK_NYE,KODEVERK_SYNK_EKSISTERENDE,NAVN,BESKRIVELSE,OPPRETTET_AV,OPPRETTET_TID,ENDRET_AV,ENDRET_TID,SAMMENSATT)
VALUES ('BEREGNINGSGRUNNLAG_TILSTAND','VL','N','N','Beregningsgrunnlag tilstand','Kodeverk over endring i beregningsgrunnlag i perioder.','VL',
to_timestamp(sysdate,'DD.MM.RRRR'),null,null,'N');

INSERT INTO KODEVERK (KODE,KODEVERK_EIER,KODEVERK_SYNK_NYE,KODEVERK_SYNK_EKSISTERENDE,NAVN,BESKRIVELSE,OPPRETTET_AV,OPPRETTET_TID,ENDRET_AV,ENDRET_TID,SAMMENSATT)
VALUES ('STONAD_PERIODE','VL','N','N','Stonad periode','Kodeverk over stonad i perioder.','VL',to_timestamp(sysdate,'DD.MM.RRRR'),null,null,'N');

INSERT INTO KODEVERK (KODE,KODEVERK_EIER,KODEVERK_SYNK_NYE,KODEVERK_SYNK_EKSISTERENDE,NAVN,BESKRIVELSE,OPPRETTET_AV,OPPRETTET_TID,ENDRET_AV,ENDRET_TID,SAMMENSATT)
VALUES ('OPPTJENING_TYPE','VL','N','N','Opptjening type','Kodeverk over opptjening i perioder.','VL',to_timestamp(sysdate,'DD.MM.RRRR'),null,null,'N');

INSERT INTO KODEVERK (KODE,KODEVERK_EIER,KODEVERK_SYNK_NYE,KODEVERK_SYNK_EKSISTERENDE,NAVN,BESKRIVELSE,OPPRETTET_AV,OPPRETTET_TID,ENDRET_AV,ENDRET_TID,SAMMENSATT)
VALUES ('MORS_AKTIVITET_KRAV','VL','N','N','Mors aktivitetskrav','Kodeverk over mors aktivitet i perioder.','VL',to_timestamp(sysdate,'DD.MM.RRRR'),null,null,'N');

INSERT INTO KODEVERK (KODE,KODEVERK_EIER,KODEVERK_SYNK_NYE,KODEVERK_SYNK_EKSISTERENDE,NAVN,BESKRIVELSE,OPPRETTET_AV,OPPRETTET_TID,ENDRET_AV,ENDRET_TID,SAMMENSATT)
VALUES ('OMSORG_TYPE','VL','N','N','Omsorg type','Kodeverk over omsorg type i perioder.','VL',to_timestamp(sysdate,'DD.MM.RRRR'),null,null,'N');

INSERT INTO KODEVERK (KODE,KODEVERK_EIER,KODEVERK_SYNK_NYE,KODEVERK_SYNK_EKSISTERENDE,NAVN,BESKRIVELSE,OPPRETTET_AV,OPPRETTET_TID,ENDRET_AV,ENDRET_TID,SAMMENSATT)
VALUES ('FORELDES_UTTAK','VL','N','N','Foreldes uttak','Kodeverk over foreldes uttak i perioder.','VL',to_timestamp(sysdate,'DD.MM.RRRR'),null,null,'N');

INSERT INTO KODEVERK (KODE,KODEVERK_EIER,KODEVERK_SYNK_NYE,KODEVERK_SYNK_EKSISTERENDE,NAVN,BESKRIVELSE,OPPRETTET_AV,OPPRETTET_TID,ENDRET_AV,ENDRET_TID,SAMMENSATT)
VALUES ('BARN_ALDER','VL','N','N','Alder til barna','Kodeverk over alder til barna i perioder.','VL',to_timestamp(sysdate,'DD.MM.RRRR'),null,null,'N');

INSERT INTO KODEVERK (KODE,KODEVERK_EIER,KODEVERK_SYNK_NYE,KODEVERK_SYNK_EKSISTERENDE,NAVN,BESKRIVELSE,OPPRETTET_AV,OPPRETTET_TID,ENDRET_AV,ENDRET_TID,SAMMENSATT)
VALUES ('OPPHOR_AARSAK_TYPE','VL','N','N','Opphør årsak type','Kodeverk over opphør årsak i perioder.','VL',to_timestamp(sysdate,'DD.MM.RRRR'),null,null,'N');

INSERT INTO KODEVERK (KODE,KODEVERK_EIER,KODEVERK_SYNK_NYE,KODEVERK_SYNK_EKSISTERENDE,NAVN,BESKRIVELSE,OPPRETTET_AV,OPPRETTET_TID,ENDRET_AV,ENDRET_TID,SAMMENSATT)
VALUES ('RETT_TYPE','VL','N','N','Rett type','Kodeverk over rett type i perioder.','VL',to_timestamp(sysdate,'DD.MM.RRRR'),null,null,'N');

INSERT INTO KODEVERK (KODE,KODEVERK_EIER,KODEVERK_SYNK_NYE,KODEVERK_SYNK_EKSISTERENDE,NAVN,BESKRIVELSE,OPPRETTET_AV,OPPRETTET_TID,ENDRET_AV,ENDRET_TID,SAMMENSATT)
VALUES ('UTBETALING_SYSTEM_FEIL_TYPE','VL','N','N','Utbetaling system feil type','Kodeverk over utbetaling system feil type i perioder.','VL',to_timestamp(sysdate,'DD.MM.RRRR'),null,null,'N');

INSERT INTO KODEVERK (KODE,KODEVERK_EIER,KODEVERK_SYNK_NYE,KODEVERK_SYNK_EKSISTERENDE,NAVN,BESKRIVELSE,OPPRETTET_AV,OPPRETTET_TID,ENDRET_AV,ENDRET_TID,SAMMENSATT)
VALUES ('GRADERING_AARSAK_TYPE','VL','N','N','Gradering årsak type','Kodeverk over gradering årsak type i perioder.','VL',to_timestamp(sysdate,'DD.MM.RRRR'),null,null,'N');

INSERT INTO KODEVERK (KODE,KODEVERK_EIER,KODEVERK_SYNK_NYE,KODEVERK_SYNK_EKSISTERENDE,NAVN,BESKRIVELSE,OPPRETTET_AV,OPPRETTET_TID,ENDRET_AV,ENDRET_TID,SAMMENSATT)
VALUES ('ANNET_AARSAK_TYPE','VL','N','N','Annet årsak type','Kodeverk over annet årsak type i perioder.','VL',to_timestamp(sysdate,'DD.MM.RRRR'),null,null,'N');


INSERT INTO KODELISTE (ID,KODEVERK,KODE,OFFISIELL_KODE,BESKRIVELSE,GYLDIG_FOM,GYLDIG_TOM)
VALUES (seq_kodeliste.nextval,'UTSETTELSE_AARSAK_TYPE','UTSETTELSE_ARBEID',null,'Utsettelse på grunn av arbeid',to_date('01.01.2000','DD.MM.RRRR'),to_date('31.12.9999','DD.MM.RRRR'));

INSERT INTO KODELISTE_NAVN_I18N (ID,KL_KODEVERK,KL_KODE,SPRAK,NAVN,OPPRETTET_AV,OPPRETTET_TID,ENDRET_AV,ENDRET_TID)
VALUES (SEQ_KODELISTE_NAVN_I18N.NEXTVAL,'UTSETTELSE_AARSAK_TYPE','UTSETTELSE_ARBEID','NB','Utsettelse arbeid §14-11','VL',to_date(sysdate,'DD.MM.RRRR'),null,null);

INSERT INTO KODELISTE (ID,KODEVERK,KODE,OFFISIELL_KODE,BESKRIVELSE,GYLDIG_FOM,GYLDIG_TOM)
VALUES (seq_kodeliste.nextval,'UTSETTELSE_AARSAK_TYPE','UTSETTELSE_FERIE',null,'Utsettelse på grunn av ferie',to_date('01.01.2000','DD.MM.RRRR'),to_date('31.12.9999','DD.MM.RRRR'));

INSERT INTO KODELISTE_NAVN_I18N (ID,KL_KODEVERK,KL_KODE,SPRAK,NAVN,OPPRETTET_AV,OPPRETTET_TID,ENDRET_AV,ENDRET_TID)
VALUES (SEQ_KODELISTE_NAVN_I18N.NEXTVAL,'UTSETTELSE_AARSAK_TYPE','UTSETTELSE_FERIE','NB','Utsettelse ferie §14-11','VL',to_date(sysdate,'DD.MM.RRRR'),null,null);

INSERT INTO KODELISTE (ID,KODEVERK,KODE,OFFISIELL_KODE,BESKRIVELSE,GYLDIG_FOM,GYLDIG_TOM)
VALUES (seq_kodeliste.nextval,'UTSETTELSE_AARSAK_TYPE','UTSETTELSE_SKYDOM',null,'Utsettelse på grunn av sykdom/skade',to_date('01.01.2000','DD.MM.RRRR'),to_date('31.12.9999','DD.MM.RRRR'));

INSERT INTO KODELISTE_NAVN_I18N (ID,KL_KODEVERK,KL_KODE,SPRAK,NAVN,OPPRETTET_AV,OPPRETTET_TID,ENDRET_AV,ENDRET_TID)
VALUES (SEQ_KODELISTE_NAVN_I18N.NEXTVAL,'UTSETTELSE_AARSAK_TYPE','UTSETTELSE_SKYDOM','NB','Utsettelse sykdom §14-11','VL',to_date(sysdate,'DD.MM.RRRR'),null,null);

INSERT INTO KODELISTE (ID,KODEVERK,KODE,OFFISIELL_KODE,BESKRIVELSE,GYLDIG_FOM,GYLDIG_TOM)
VALUES (seq_kodeliste.nextval,'UTSETTELSE_AARSAK_TYPE','UTSETTELSE_INSTITUSJON',null,'Utsettelse på grunn av inleggelse',to_date('01.01.2000','DD.MM.RRRR'),
to_date('31.12.9999','DD.MM.RRRR'));

INSERT INTO KODELISTE_NAVN_I18N (ID,KL_KODEVERK,KL_KODE,SPRAK,NAVN,OPPRETTET_AV,OPPRETTET_TID,ENDRET_AV,ENDRET_TID)
VALUES (SEQ_KODELISTE_NAVN_I18N.NEXTVAL,'UTSETTELSE_AARSAK_TYPE','UTSETTELSE_INSTITUSJON','NB','Utsettelse institusjonsopphold §14-11','VL',
to_date(sysdate,'DD.MM.RRRR'),null,null);

INSERT INTO KODELISTE (ID,KODEVERK,KODE,OFFISIELL_KODE,BESKRIVELSE,GYLDIG_FOM,GYLDIG_TOM)
VALUES (seq_kodeliste.nextval,'MEDLEMSKAP_VILKAARET_TYPE','MEDLEMSKAP_VILKAARET_TYPE',null,'Medlemskapsvilkåret §14-2',to_date('01.01.2000','DD.MM.RRRR'),
to_date('31.12.9999','DD.MM.RRRR'));

INSERT INTO KODELISTE_NAVN_I18N (ID,KL_KODEVERK,KL_KODE,SPRAK,NAVN,OPPRETTET_AV,OPPRETTET_TID,ENDRET_AV,ENDRET_TID)
VALUES (SEQ_KODELISTE_NAVN_I18N.NEXTVAL,'MEDLEMSKAP_VILKAARET_TYPE','MEDLEMSKAP_VILKAARET_TYPE','NB','Medlemskapsvilkåret §14-2','VL',to_date(sysdate,'DD.MM.RRRR'),null,null);

INSERT INTO KODELISTE (ID,KODEVERK,KODE,OFFISIELL_KODE,BESKRIVELSE,GYLDIG_FOM,GYLDIG_TOM)
VALUES (seq_kodeliste.nextval,'UTTAK_KVOTE','ENDRING_UTTAK_KVOTE',null,'Endring uttak kvote §14-12',to_date('01.01.2000','DD.MM.RRRR'),to_date('31.12.9999','DD.MM.RRRR'));

INSERT INTO KODELISTE_NAVN_I18N (ID,KL_KODEVERK,KL_KODE,SPRAK,NAVN,OPPRETTET_AV,OPPRETTET_TID,ENDRET_AV,ENDRET_TID)
VALUES (SEQ_KODELISTE_NAVN_I18N.NEXTVAL,'UTTAK_KVOTE','ENDRING_UTTAK_KVOTE','NB','Endring uttak kvote §14-12','VL',to_date(sysdate,'DD.MM.RRRR'),null,null);

INSERT INTO KODELISTE (ID,KODEVERK,KODE,OFFISIELL_KODE,BESKRIVELSE,GYLDIG_FOM,GYLDIG_TOM)
VALUES (seq_kodeliste.nextval,'BEREGNINGSGRUNNLAG_TILSTAND','ENDRING_BEREGNINGSGRUNNLAGET',null,'Endring beregningsgrunnlaget §14-7',to_date('01.01.2000','DD.MM.RRRR'),
to_date('31.12.9999','DD.MM.RRRR'));

INSERT INTO KODELISTE_NAVN_I18N (ID,KL_KODEVERK,KL_KODE,SPRAK,NAVN,OPPRETTET_AV,OPPRETTET_TID,ENDRET_AV,ENDRET_TID)
VALUES (SEQ_KODELISTE_NAVN_I18N.NEXTVAL,'BEREGNINGSGRUNNLAG_TILSTAND','ENDRING_BEREGNINGSGRUNNLAGET','NB','Endring beregningsgrunnlaget §14-7','VL',
to_date(sysdate,'DD.MM.RRRR'),null,null);

INSERT INTO KODELISTE (ID,KODEVERK,KODE,OFFISIELL_KODE,BESKRIVELSE,GYLDIG_FOM,GYLDIG_TOM)
VALUES (seq_kodeliste.nextval,'STONAD_PERIODE','STONAD_PERIODE',null,'Stonadsperiode §14-9',to_date('01.01.2000','DD.MM.RRRR'),to_date('31.12.9999','DD.MM.RRRR'));

INSERT INTO KODELISTE_NAVN_I18N (ID,KL_KODEVERK,KL_KODE,SPRAK,NAVN,OPPRETTET_AV,OPPRETTET_TID,ENDRET_AV,ENDRET_TID)
VALUES (SEQ_KODELISTE_NAVN_I18N.NEXTVAL,'STONAD_PERIODE','STONAD_PERIODE','NB','Stonadsperiode §14-9','VL',to_date(sysdate,'DD.MM.RRRR'),null,null);

INSERT INTO KODELISTE (ID,KODEVERK,KODE,OFFISIELL_KODE,BESKRIVELSE,GYLDIG_FOM,GYLDIG_TOM)
VALUES (seq_kodeliste.nextval,'STONAD_PERIODE','MANGLENDE_STONAD_PERIODE',null,'Manglende søkt stønadsperiode §14-10',to_date('01.01.2000','DD.MM.RRRR'),
to_date('31.12.9999','DD.MM.RRRR'));

INSERT INTO KODELISTE_NAVN_I18N (ID,KL_KODEVERK,KL_KODE,SPRAK,NAVN,OPPRETTET_AV,OPPRETTET_TID,ENDRET_AV,ENDRET_TID)
VALUES (SEQ_KODELISTE_NAVN_I18N.NEXTVAL,'STONAD_PERIODE','MANGLENDE_STONAD_PERIODE','NB','Manglende søkt stønadsperiode §14-10','VL',to_date(sysdate,'DD.MM.RRRR'),null,null);

INSERT INTO KODELISTE (ID,KODEVERK,KODE,OFFISIELL_KODE,BESKRIVELSE,GYLDIG_FOM,GYLDIG_TOM)
VALUES (seq_kodeliste.nextval,'STONAD_PERIODE','MOR_STONAD_PERIODE',null,'Mor ny stønadsperiode §14-7',to_date('01.01.2000','DD.MM.RRRR'),to_date('31.12.9999','DD.MM.RRRR'));

INSERT INTO KODELISTE_NAVN_I18N (ID,KL_KODEVERK,KL_KODE,SPRAK,NAVN,OPPRETTET_AV,OPPRETTET_TID,ENDRET_AV,ENDRET_TID)
VALUES (SEQ_KODELISTE_NAVN_I18N.NEXTVAL,'STONAD_PERIODE','MOR_STONAD_PERIODE','NB','Mor ny stønadsperiode §14-7','VL',to_date(sysdate,'DD.MM.RRRR'),null,null);

INSERT INTO KODELISTE (ID,KODEVERK,KODE,OFFISIELL_KODE,BESKRIVELSE,GYLDIG_FOM,GYLDIG_TOM)
VALUES (seq_kodeliste.nextval,'OPPTJENING_TYPE','OPPTJENING_TYPE',null,'Opptjening §14-6',to_date('01.01.2000','DD.MM.RRRR'),to_date('31.12.9999','DD.MM.RRRR'));

INSERT INTO KODELISTE_NAVN_I18N (ID,KL_KODEVERK,KL_KODE,SPRAK,NAVN,OPPRETTET_AV,OPPRETTET_TID,ENDRET_AV,ENDRET_TID)
VALUES (SEQ_KODELISTE_NAVN_I18N.NEXTVAL,'OPPTJENING_TYPE','OPPTJENING_TYPE','NB','Opptjening §14-6','VL',to_date(sysdate,'DD.MM.RRRR'),null,null);

INSERT INTO KODELISTE (ID,KODEVERK,KODE,OFFISIELL_KODE,BESKRIVELSE,GYLDIG_FOM,GYLDIG_TOM)
VALUES (seq_kodeliste.nextval,'MORS_AKTIVITET_KRAV','MORS_AKTIVITET_TYPE',null,'Mors aktivitet type',to_date('01.01.2000','DD.MM.RRRR'),to_date('31.12.9999','DD.MM.RRRR'));

INSERT INTO KODELISTE_NAVN_I18N (ID,KL_KODEVERK,KL_KODE,SPRAK,NAVN,OPPRETTET_AV,OPPRETTET_TID,ENDRET_AV,ENDRET_TID)
VALUES (SEQ_KODELISTE_NAVN_I18N.NEXTVAL,'MORS_AKTIVITET_KRAV','MORS_AKTIVITET_TYPE','NB','Aktivitetskrav §14-13','VL',to_date(sysdate,'DD.MM.RRRR'),null,null);

INSERT INTO KODELISTE (ID,KODEVERK,KODE,OFFISIELL_KODE,BESKRIVELSE,GYLDIG_FOM,GYLDIG_TOM)
VALUES (seq_kodeliste.nextval,'OMSORG_TYPE','IKKE_ALENEOMSORG',null,'Ikke aleneomsorg §14-15',to_date('01.01.2000','DD.MM.RRRR'),to_date('31.12.9999','DD.MM.RRRR'));

INSERT INTO KODELISTE_NAVN_I18N (ID,KL_KODEVERK,KL_KODE,SPRAK,NAVN,OPPRETTET_AV,OPPRETTET_TID,ENDRET_AV,ENDRET_TID)
VALUES (SEQ_KODELISTE_NAVN_I18N.NEXTVAL,'OMSORG_TYPE','IKKE_ALENEOMSORG','NB','Ikke aleneomsorg §14-15','VL',to_date(sysdate,'DD.MM.RRRR'),null,null);

INSERT INTO KODELISTE (ID,KODEVERK,KODE,OFFISIELL_KODE,BESKRIVELSE,GYLDIG_FOM,GYLDIG_TOM)
VALUES (seq_kodeliste.nextval,'OMSORG_TYPE','IKKE_OMSORG_BARN',null,'Ikke omsorg for barnet §14-10',to_date('01.01.2000','DD.MM.RRRR'),to_date('31.12.9999','DD.MM.RRRR'));

INSERT INTO KODELISTE_NAVN_I18N (ID,KL_KODEVERK,KL_KODE,SPRAK,NAVN,OPPRETTET_AV,OPPRETTET_TID,ENDRET_AV,ENDRET_TID)
VALUES (SEQ_KODELISTE_NAVN_I18N.NEXTVAL,'OMSORG_TYPE','IKKE_OMSORG_BARN','NB','Ikke omsorg for barnet §14-10','VL',to_date(sysdate,'DD.MM.RRRR'),null,null);

INSERT INTO KODELISTE (ID,KODEVERK,KODE,OFFISIELL_KODE,BESKRIVELSE,GYLDIG_FOM,GYLDIG_TOM)
VALUES (seq_kodeliste.nextval,'FORELDES_UTTAK','FORELDES_SAMTIDIGE_UTTAK',null,'Foreldres samtidige uttak §14-10',to_date('01.01.2000','DD.MM.RRRR'),
to_date('31.12.9999','DD.MM.RRRR'));

INSERT INTO KODELISTE_NAVN_I18N (ID,KL_KODEVERK,KL_KODE,SPRAK,NAVN,OPPRETTET_AV,OPPRETTET_TID,ENDRET_AV,ENDRET_TID)
VALUES (SEQ_KODELISTE_NAVN_I18N.NEXTVAL,'FORELDES_UTTAK','FORELDES_SAMTIDIGE_UTTAK','NB','Foreldres samtidige uttak §14-10','VL',to_date(sysdate,'DD.MM.RRRR'),null,null);

INSERT INTO KODELISTE (ID,KODEVERK,KODE,OFFISIELL_KODE,BESKRIVELSE,GYLDIG_FOM,GYLDIG_TOM)
VALUES (seq_kodeliste.nextval,'BARN_ALDER','BARN_ALDER_OVER_TRE',null,'Barn over 3 år §14-10',to_date('01.01.2000','DD.MM.RRRR'),to_date('31.12.9999','DD.MM.RRRR'));

INSERT INTO KODELISTE_NAVN_I18N (ID,KL_KODEVERK,KL_KODE,SPRAK,NAVN,OPPRETTET_AV,OPPRETTET_TID,ENDRET_AV,ENDRET_TID)
VALUES (SEQ_KODELISTE_NAVN_I18N.NEXTVAL,'BARN_ALDER','BARN_ALDER_OVER_TRE','NB','Barn over 3 år §14-10','VL',to_date(sysdate,'DD.MM.RRRR'),null,null);

INSERT INTO KODELISTE (ID,KODEVERK,KODE,OFFISIELL_KODE,BESKRIVELSE,GYLDIG_FOM,GYLDIG_TOM)
VALUES (seq_kodeliste.nextval,'OPPHOR_AARSAK_TYPE','OPPHOR_DOD',null,'Opphør død',to_date('01.01.2000','DD.MM.RRRR'),to_date('31.12.9999','DD.MM.RRRR'));

INSERT INTO KODELISTE_NAVN_I18N (ID,KL_KODEVERK,KL_KODE,SPRAK,NAVN,OPPRETTET_AV,OPPRETTET_TID,ENDRET_AV,ENDRET_TID)
VALUES (SEQ_KODELISTE_NAVN_I18N.NEXTVAL,'OPPHOR_AARSAK_TYPE','OPPHOR_DOD','NB','Opphør død','VL',to_date(sysdate,'DD.MM.RRRR'),null,null);

INSERT INTO KODELISTE (ID,KODEVERK,KODE,OFFISIELL_KODE,BESKRIVELSE,GYLDIG_FOM,GYLDIG_TOM)
VALUES (seq_kodeliste.nextval,'RETT_TYPE','FAR_RETT',null,'Kun far rett §14-14',to_date('01.01.2000','DD.MM.RRRR'),to_date('31.12.9999','DD.MM.RRRR'));

INSERT INTO KODELISTE_NAVN_I18N (ID,KL_KODEVERK,KL_KODE,SPRAK,NAVN,OPPRETTET_AV,OPPRETTET_TID,ENDRET_AV,ENDRET_TID)
VALUES (SEQ_KODELISTE_NAVN_I18N.NEXTVAL,'RETT_TYPE','FAR_RETT','NB','Kun far rett §14-14','VL',to_date(sysdate,'DD.MM.RRRR'),null,null);

INSERT INTO KODELISTE (ID,KODEVERK,KODE,OFFISIELL_KODE,BESKRIVELSE,GYLDIG_FOM,GYLDIG_TOM)
VALUES (seq_kodeliste.nextval,'UTBETALING_SYSTEM_FEIL_TYPE','UTBETALING_SYSTEM_FEIL_TYPE',null,'Feil i utbetalingssystemet',to_date('01.01.2000','DD.MM.RRRR'),
to_date('31.12.9999','DD.MM.RRRR'));

INSERT INTO KODELISTE_NAVN_I18N (ID,KL_KODEVERK,KL_KODE,SPRAK,NAVN,OPPRETTET_AV,OPPRETTET_TID,ENDRET_AV,ENDRET_TID)
VALUES (SEQ_KODELISTE_NAVN_I18N.NEXTVAL,'UTBETALING_SYSTEM_FEIL_TYPE','UTBETALING_SYSTEM_FEIL_TYPE','NB','Feil i utbetalingssystemet','VL',
to_date(sysdate,'DD.MM.RRRR'),null,null);

INSERT INTO KODELISTE (ID,KODEVERK,KODE,OFFISIELL_KODE,BESKRIVELSE,GYLDIG_FOM,GYLDIG_TOM)
VALUES (seq_kodeliste.nextval,'GRADERING_AARSAK_TYPE','GRADERING',null,'Gradering §14-16',to_date('01.01.2000','DD.MM.RRRR'),to_date('31.12.9999','DD.MM.RRRR'));

INSERT INTO KODELISTE_NAVN_I18N (ID,KL_KODEVERK,KL_KODE,SPRAK,NAVN,OPPRETTET_AV,OPPRETTET_TID,ENDRET_AV,ENDRET_TID)
VALUES (SEQ_KODELISTE_NAVN_I18N.NEXTVAL,'GRADERING_AARSAK_TYPE','GRADERING','NB','Gradering § 14-16','VL',to_date(sysdate,'DD.MM.RRRR'),null,null);

INSERT INTO KODELISTE (ID,KODEVERK,KODE,OFFISIELL_KODE,BESKRIVELSE,GYLDIG_FOM,GYLDIG_TOM)
VALUES (seq_kodeliste.nextval,'ANNET_AARSAK_TYPE','ANNET',null,'Annet',to_date('01.01.2000','DD.MM.RRRR'),to_date('31.12.9999','DD.MM.RRRR'));

INSERT INTO KODELISTE_NAVN_I18N (ID,KL_KODEVERK,KL_KODE,SPRAK,NAVN,OPPRETTET_AV,OPPRETTET_TID,ENDRET_AV,ENDRET_TID)
VALUES (SEQ_KODELISTE_NAVN_I18N.NEXTVAL,'ANNET_AARSAK_TYPE','ANNET','NB','Annet','VL',to_date(sysdate,'DD.MM.RRRR'),null,null);


--------------------------------------------------------
  --  LA TIL NY Underårsaker
--------------------------------------------------------
INSERT INTO KODEVERK (KODE,KODEVERK_EIER,KODEVERK_SYNK_NYE,KODEVERK_SYNK_EKSISTERENDE,NAVN,BESKRIVELSE,OPPRETTET_AV,OPPRETTET_TID,ENDRET_AV,ENDRET_TID,SAMMENSATT)
VALUES ('UTSETTELSE_ARBEID','VL','N','N','Utsettelse arbeid type','Kodeverk over utsettelse arbeid type i perioder.','VL',to_timestamp(sysdate,'DD.MM.RRRR'),null,null,'N');

INSERT INTO KODEVERK (KODE,KODEVERK_EIER,KODEVERK_SYNK_NYE,KODEVERK_SYNK_EKSISTERENDE,NAVN,BESKRIVELSE,OPPRETTET_AV,OPPRETTET_TID,ENDRET_AV,ENDRET_TID,SAMMENSATT)
VALUES ('UTSETTELSE_SYKDOM','VL','N','N','Utsettelse sykdom type','Kodeverk over utsettelse sykdom type i perioder.','VL',to_timestamp(sysdate,'DD.MM.RRRR'),null,null,'N');

INSERT INTO KODEVERK (KODE,KODEVERK_EIER,KODEVERK_SYNK_NYE,KODEVERK_SYNK_EKSISTERENDE,NAVN,BESKRIVELSE,OPPRETTET_AV,OPPRETTET_TID,ENDRET_AV,ENDRET_TID,SAMMENSATT)
VALUES ('UTSETTELSE_INNLEGGELSE','VL','N','N','Utsettelse innleggelse type','Kodeverk over utsettelse inleggelse type i perioder.','VL',to_timestamp(sysdate,'DD.MM.RRRR'),null,null,'N');

INSERT INTO KODEVERK (KODE,KODEVERK_EIER,KODEVERK_SYNK_NYE,KODEVERK_SYNK_EKSISTERENDE,NAVN,BESKRIVELSE,OPPRETTET_AV,OPPRETTET_TID,ENDRET_AV,ENDRET_TID,SAMMENSATT)
VALUES ('MEDLEMSKAP_VILKAAR','VL','N','N','Medlemskapvilkår','Kodeverk over medlemskapvilkår i perioder.','VL',to_timestamp(sysdate,'DD.MM.RRRR'),null,null,'N');

INSERT INTO KODEVERK (KODE,KODEVERK_EIER,KODEVERK_SYNK_NYE,KODEVERK_SYNK_EKSISTERENDE,NAVN,BESKRIVELSE,OPPRETTET_AV,OPPRETTET_TID,ENDRET_AV,ENDRET_TID,SAMMENSATT)
VALUES ('ENDRING_UTTAK_KVOTE_TYPE','VL','N','N','Endring av uttak kvote type','Kodeverk over endring av uttak kvote type i perioder.','VL',
to_timestamp(sysdate,'DD.MM.RRRR'),null,null,'N');

INSERT INTO KODEVERK (KODE,KODEVERK_EIER,KODEVERK_SYNK_NYE,KODEVERK_SYNK_EKSISTERENDE,NAVN,BESKRIVELSE,OPPRETTET_AV,OPPRETTET_TID,ENDRET_AV,ENDRET_TID,SAMMENSATT)
VALUES ('STONAD_PERIODE_TYPE','VL','N','N','Stønadsperiode type','Kodeverk over stønadsperiode type i perioder.','VL',
to_timestamp(sysdate,'DD.MM.RRRR'),null,null,'N');

INSERT INTO KODEVERK (KODE,KODEVERK_EIER,KODEVERK_SYNK_NYE,KODEVERK_SYNK_EKSISTERENDE,NAVN,BESKRIVELSE,OPPRETTET_AV,OPPRETTET_TID,ENDRET_AV,ENDRET_TID,SAMMENSATT)
VALUES ('OPPTJENING','VL','N','N','Opptjening','Kodeverk over opptjening i perioder.','VL',to_timestamp(sysdate,'DD.MM.RRRR'),null,null,'N');

INSERT INTO KODEVERK (KODE,KODEVERK_EIER,KODEVERK_SYNK_NYE,KODEVERK_SYNK_EKSISTERENDE,NAVN,BESKRIVELSE,OPPRETTET_AV,OPPRETTET_TID,ENDRET_AV,ENDRET_TID,SAMMENSATT)
VALUES ('MORS_AKTIVITET_TYPE','VL','N','N','Mors aktivitet type','Kodeverk over mors aktivitet type i perioder.','VL',to_timestamp(sysdate,'DD.MM.RRRR'),null,null,'N');

INSERT INTO KODEVERK (KODE,KODEVERK_EIER,KODEVERK_SYNK_NYE,KODEVERK_SYNK_EKSISTERENDE,NAVN,BESKRIVELSE,OPPRETTET_AV,OPPRETTET_TID,ENDRET_AV,ENDRET_TID,SAMMENSATT)
VALUES ('OPPHOR','VL','N','N','Opphør','Kodeverk over opphør i perioder.','VL',to_timestamp(sysdate,'DD.MM.RRRR'),null,null,'N');

INSERT INTO KODEVERK (KODE,KODEVERK_EIER,KODEVERK_SYNK_NYE,KODEVERK_SYNK_EKSISTERENDE,NAVN,BESKRIVELSE,OPPRETTET_AV,OPPRETTET_TID,ENDRET_AV,ENDRET_TID,SAMMENSATT)
VALUES ('UTBETALING_SYSTEM_FEIL','VL','N','N','Utbetaling system feil','Kodeverk over utbetaling system feil i perioder.','VL',to_timestamp(sysdate,'DD.MM.RRRR'),null,null,'N');

INSERT INTO KODEVERK (KODE,KODEVERK_EIER,KODEVERK_SYNK_NYE,KODEVERK_SYNK_EKSISTERENDE,NAVN,BESKRIVELSE,OPPRETTET_AV,OPPRETTET_TID,ENDRET_AV,ENDRET_TID,SAMMENSATT)
VALUES ('AARSAK_UDEFINERT','VL','N','N','Aarsak undefinert','Kodeverk over udefinert aarsak','VL',to_timestamp(sysdate,'DD.MM.RRRR'),null,null,'N');




INSERT INTO KODELISTE (ID,KODEVERK,KODE,OFFISIELL_KODE,BESKRIVELSE,GYLDIG_FOM,GYLDIG_TOM)
VALUES (seq_kodeliste.nextval,'UTSETTELSE_ARBEID','UTSETTELSE_ARBEID_HELTID',null,'Utsettelse arbeid heltid',to_date('01.01.2000','DD.MM.RRRR'),to_date('31.12.9999','DD.MM.RRRR'));

INSERT INTO KODELISTE_NAVN_I18N (ID,KL_KODEVERK,KL_KODE,SPRAK,NAVN,OPPRETTET_AV,OPPRETTET_TID,ENDRET_AV,ENDRET_TID)
VALUES (SEQ_KODELISTE_NAVN_I18N.NEXTVAL,'UTSETTELSE_ARBEID','UTSETTELSE_ARBEID_HELTID','NB','Utsettelse arbeid heltid','VL',to_date(sysdate,'DD.MM.RRRR'),null,null);

INSERT INTO KODELISTE (ID,KODEVERK,KODE,OFFISIELL_KODE,BESKRIVELSE,GYLDIG_FOM,GYLDIG_TOM)
VALUES (seq_kodeliste.nextval,'UTSETTELSE_ARBEID','UTSETTELSE_ARBEID_DELTID',null,'Utsettelse arbeid deltid',to_date('01.01.2000','DD.MM.RRRR'),to_date('31.12.9999','DD.MM.RRRR'));

INSERT INTO KODELISTE_NAVN_I18N (ID,KL_KODEVERK,KL_KODE,SPRAK,NAVN,OPPRETTET_AV,OPPRETTET_TID,ENDRET_AV,ENDRET_TID)
VALUES (SEQ_KODELISTE_NAVN_I18N.NEXTVAL,'UTSETTELSE_ARBEID','UTSETTELSE_ARBEID_DELTID','NB','Utsettelse arbeid deltid','VL',to_date(sysdate,'DD.MM.RRRR'),null,null);

INSERT INTO KODELISTE (ID,KODEVERK,KODE,OFFISIELL_KODE,BESKRIVELSE,GYLDIG_FOM,GYLDIG_TOM)
VALUES (seq_kodeliste.nextval,'UTSETTELSE_SYKDOM','STONADSMOTTAKER_BEHOV',null,'Stønadsmottaker helt avhengig av hjelp til å ta seg av barnet',
to_date('01.01.2000','DD.MM.RRRR'),to_date('31.12.9999','DD.MM.RRRR'));

INSERT INTO KODELISTE_NAVN_I18N (ID,KL_KODEVERK,KL_KODE,SPRAK,NAVN,OPPRETTET_AV,OPPRETTET_TID,ENDRET_AV,ENDRET_TID)
VALUES (SEQ_KODELISTE_NAVN_I18N.NEXTVAL,'UTSETTELSE_SYKDOM','STONADSMOTTAKER_BEHOV','NB','Stønadsmottaker helt avhengig av hjelp til å ta seg av barnet','VL',
to_date(sysdate,'DD.MM.RRRR'),null,null);

INSERT INTO KODELISTE (ID,KODEVERK,KODE,OFFISIELL_KODE,BESKRIVELSE,GYLDIG_FOM,GYLDIG_TOM)
VALUES (seq_kodeliste.nextval,'UTSETTELSE_INNLEGGELSE','INNLEGGELSE_BRUKER',null,'Innleggelse i helseinstitusjon - Bruker',
to_date('01.01.2000','DD.MM.RRRR'),to_date('31.12.9999','DD.MM.RRRR'));

INSERT INTO KODELISTE_NAVN_I18N (ID,KL_KODEVERK,KL_KODE,SPRAK,NAVN,OPPRETTET_AV,OPPRETTET_TID,ENDRET_AV,ENDRET_TID)
VALUES (SEQ_KODELISTE_NAVN_I18N.NEXTVAL,'UTSETTELSE_INNLEGGELSE','INNLEGGELSE_BRUKER','NB','Innleggelse i helseinstitusjon - Bruker','VL',
to_date(sysdate,'DD.MM.RRRR'),null,null);

INSERT INTO KODELISTE (ID,KODEVERK,KODE,OFFISIELL_KODE,BESKRIVELSE,GYLDIG_FOM,GYLDIG_TOM)
VALUES (seq_kodeliste.nextval,'UTSETTELSE_INNLEGGELSE','INNLEGGELSE_BARNET',null,'Innleggelse i helseinstitusjon - Barnet',
to_date('01.01.2000','DD.MM.RRRR'),to_date('31.12.9999','DD.MM.RRRR'));

INSERT INTO KODELISTE_NAVN_I18N (ID,KL_KODEVERK,KL_KODE,SPRAK,NAVN,OPPRETTET_AV,OPPRETTET_TID,ENDRET_AV,ENDRET_TID)
VALUES (SEQ_KODELISTE_NAVN_I18N.NEXTVAL,'UTSETTELSE_INNLEGGELSE','INNLEGGELSE_BARNET','NB','Innleggelse i helseinstitusjon - Barnet','VL',
to_date(sysdate,'DD.MM.RRRR'),null,null);

INSERT INTO KODELISTE (ID,KODEVERK,KODE,OFFISIELL_KODE,BESKRIVELSE,GYLDIG_FOM,GYLDIG_TOM)
VALUES (seq_kodeliste.nextval,'MEDLEMSKAP_VILKAAR','UTVANDRET_FODSEL',null,'Utvandret – fødsel',to_date('01.01.2000','DD.MM.RRRR'),to_date('31.12.9999','DD.MM.RRRR'));

INSERT INTO KODELISTE_NAVN_I18N (ID,KL_KODEVERK,KL_KODE,SPRAK,NAVN,OPPRETTET_AV,OPPRETTET_TID,ENDRET_AV,ENDRET_TID)
VALUES (SEQ_KODELISTE_NAVN_I18N.NEXTVAL,'MEDLEMSKAP_VILKAAR','UTVANDRET_FODSEL','NB','Utvandret – fødsel','VL',to_date(sysdate,'DD.MM.RRRR'),null,null);

INSERT INTO KODELISTE (ID,KODEVERK,KODE,OFFISIELL_KODE,BESKRIVELSE,GYLDIG_FOM,GYLDIG_TOM)
VALUES (seq_kodeliste.nextval,'MEDLEMSKAP_VILKAAR','MEDLEM_ANNET_FODSEL',null,'Medlem i annet land - fødsel',to_date('01.01.2000','DD.MM.RRRR'),to_date('31.12.9999','DD.MM.RRRR'));

INSERT INTO KODELISTE_NAVN_I18N (ID,KL_KODEVERK,KL_KODE,SPRAK,NAVN,OPPRETTET_AV,OPPRETTET_TID,ENDRET_AV,ENDRET_TID)
VALUES (SEQ_KODELISTE_NAVN_I18N.NEXTVAL,'MEDLEMSKAP_VILKAAR','MEDLEM_ANNET_FODSEL','NB','Medlem i annet land - fødsel','VL',to_date(sysdate,'DD.MM.RRRR'),null,null);

INSERT INTO KODELISTE (ID,KODEVERK,KODE,OFFISIELL_KODE,BESKRIVELSE,GYLDIG_FOM,GYLDIG_TOM)
VALUES (seq_kodeliste.nextval,'MEDLEMSKAP_VILKAAR','IKKE_OPPHOLDSTILLATELSE_FODSEL',null,'Ikke oppholdstillatelse - fødsel',to_date('01.01.2000','DD.MM.RRRR'),
to_date('31.12.9999','DD.MM.RRRR'));

INSERT INTO KODELISTE_NAVN_I18N (ID,KL_KODEVERK,KL_KODE,SPRAK,NAVN,OPPRETTET_AV,OPPRETTET_TID,ENDRET_AV,ENDRET_TID)
VALUES (SEQ_KODELISTE_NAVN_I18N.NEXTVAL,'MEDLEMSKAP_VILKAAR','IKKE_OPPHOLDSTILLATELSE_FODSEL','NB','Ikke oppholdstillatelse - fødsel','VL',
to_date(sysdate,'DD.MM.RRRR'),null,null);

INSERT INTO KODELISTE (ID,KODEVERK,KODE,OFFISIELL_KODE,BESKRIVELSE,GYLDIG_FOM,GYLDIG_TOM)
VALUES (seq_kodeliste.nextval,'MEDLEMSKAP_VILKAAR','IKKE_JOBB_FAMILIE_FODSEL',null,'Ikke jobbet eller har familie – fødsel',to_date('01.01.2000','DD.MM.RRRR'),
to_date('31.12.9999','DD.MM.RRRR'));

INSERT INTO KODELISTE_NAVN_I18N (ID,KL_KODEVERK,KL_KODE,SPRAK,NAVN,OPPRETTET_AV,OPPRETTET_TID,ENDRET_AV,ENDRET_TID)
VALUES (SEQ_KODELISTE_NAVN_I18N.NEXTVAL,'MEDLEMSKAP_VILKAAR','IKKE_JOBB_FAMILIE_FODSEL','NB','Ikke jobbet eller har familie – fødsel','VL',
to_date(sysdate,'DD.MM.RRRR'),null,null);

INSERT INTO KODELISTE (ID,KODEVERK,KODE,OFFISIELL_KODE,BESKRIVELSE,GYLDIG_FOM,GYLDIG_TOM)
VALUES (seq_kodeliste.nextval,'MEDLEMSKAP_VILKAAR','MER_OPPHOLD_UTLANDET_FODSEL',null,'Mer opphold i utlandet enn i Norge – fødsel',to_date('01.01.2000','DD.MM.RRRR'),
to_date('31.12.9999','DD.MM.RRRR'));

INSERT INTO KODELISTE_NAVN_I18N (ID,KL_KODEVERK,KL_KODE,SPRAK,NAVN,OPPRETTET_AV,OPPRETTET_TID,ENDRET_AV,ENDRET_TID)
VALUES (SEQ_KODELISTE_NAVN_I18N.NEXTVAL,'MEDLEMSKAP_VILKAAR','MER_OPPHOLD_UTLANDET_FODSEL','NB','Mer opphold i utlandet enn i Norge – fødsel','VL',
to_date(sysdate,'DD.MM.RRRR'),null,null);

INSERT INTO KODELISTE (ID,KODEVERK,KODE,OFFISIELL_KODE,BESKRIVELSE,GYLDIG_FOM,GYLDIG_TOM)
VALUES (seq_kodeliste.nextval,'MEDLEMSKAP_VILKAAR','UTVANDRET_ADOPSJON',null,'Utvandret – adopsjon',to_date('01.01.2000','DD.MM.RRRR'),to_date('31.12.9999','DD.MM.RRRR'));

INSERT INTO KODELISTE_NAVN_I18N (ID,KL_KODEVERK,KL_KODE,SPRAK,NAVN,OPPRETTET_AV,OPPRETTET_TID,ENDRET_AV,ENDRET_TID)
VALUES (SEQ_KODELISTE_NAVN_I18N.NEXTVAL,'MEDLEMSKAP_VILKAAR','UTVANDRET_ADOPSJON','NB','Utvandret – adopsjon','VL',to_date(sysdate,'DD.MM.RRRR'),null,null);

INSERT INTO KODELISTE (ID,KODEVERK,KODE,OFFISIELL_KODE,BESKRIVELSE,GYLDIG_FOM,GYLDIG_TOM)
VALUES (seq_kodeliste.nextval,'MEDLEMSKAP_VILKAAR','MEDLEM_ANNET_ADOPSJON',null,'Medlem i annet land - adopsjon',to_date('01.01.2000','DD.MM.RRRR'),to_date('31.12.9999','DD.MM.RRRR'));

INSERT INTO KODELISTE_NAVN_I18N (ID,KL_KODEVERK,KL_KODE,SPRAK,NAVN,OPPRETTET_AV,OPPRETTET_TID,ENDRET_AV,ENDRET_TID)
VALUES (SEQ_KODELISTE_NAVN_I18N.NEXTVAL,'MEDLEMSKAP_VILKAAR','MEDLEM_ANNET_ADOPSJON','NB','Medlem i annet land - adopsjon','VL',to_date(sysdate,'DD.MM.RRRR'),null,null);

INSERT INTO KODELISTE (ID,KODEVERK,KODE,OFFISIELL_KODE,BESKRIVELSE,GYLDIG_FOM,GYLDIG_TOM)
VALUES (seq_kodeliste.nextval,'MEDLEMSKAP_VILKAAR','IKKE_OPPHOLDSTILLATELSE_ADOPSJON',null,'Ikke oppholdstillatelse - adopsjon',to_date('01.01.2000','DD.MM.RRRR'),
to_date('31.12.9999','DD.MM.RRRR'));

INSERT INTO KODELISTE_NAVN_I18N (ID,KL_KODEVERK,KL_KODE,SPRAK,NAVN,OPPRETTET_AV,OPPRETTET_TID,ENDRET_AV,ENDRET_TID)
VALUES (SEQ_KODELISTE_NAVN_I18N.NEXTVAL,'MEDLEMSKAP_VILKAAR','IKKE_OPPHOLDSTILLATELSE_ADOPSJON','NB','Ikke oppholdstillatelse - adopsjon','VL',
to_date(sysdate,'DD.MM.RRRR'),null,null);

INSERT INTO KODELISTE (ID,KODEVERK,KODE,OFFISIELL_KODE,BESKRIVELSE,GYLDIG_FOM,GYLDIG_TOM)
VALUES (seq_kodeliste.nextval,'MEDLEMSKAP_VILKAAR','IKKE_JOBB_FAMILIE_ADOPSJON',null,'Ikke jobbet eller har familie – adopsjon',to_date('01.01.2000','DD.MM.RRRR'),
to_date('31.12.9999','DD.MM.RRRR'));

INSERT INTO KODELISTE_NAVN_I18N (ID,KL_KODEVERK,KL_KODE,SPRAK,NAVN,OPPRETTET_AV,OPPRETTET_TID,ENDRET_AV,ENDRET_TID)
VALUES (SEQ_KODELISTE_NAVN_I18N.NEXTVAL,'MEDLEMSKAP_VILKAAR','IKKE_JOBB_FAMILIE_ADOPSJON','NB','Ikke jobbet eller har familie – adopsjon','VL',
to_date(sysdate,'DD.MM.RRRR'),null,null);

INSERT INTO KODELISTE (ID,KODEVERK,KODE,OFFISIELL_KODE,BESKRIVELSE,GYLDIG_FOM,GYLDIG_TOM)
VALUES (seq_kodeliste.nextval,'MEDLEMSKAP_VILKAAR','MER_OPPHOLD_UTLANDET_ADOPSJON',null,'Mer opphold i utlandet enn i Norge – adopsjon',to_date('01.01.2000','DD.MM.RRRR'),
to_date('31.12.9999','DD.MM.RRRR'));

INSERT INTO KODELISTE_NAVN_I18N (ID,KL_KODEVERK,KL_KODE,SPRAK,NAVN,OPPRETTET_AV,OPPRETTET_TID,ENDRET_AV,ENDRET_TID)
VALUES (SEQ_KODELISTE_NAVN_I18N.NEXTVAL,'MEDLEMSKAP_VILKAAR','MER_OPPHOLD_UTLANDET_ADOPSJON','NB','Mer opphold i utlandet enn i Norge – adopsjon','VL',
to_date(sysdate,'DD.MM.RRRR'),null,null);

INSERT INTO KODELISTE (ID,KODEVERK,KODE,OFFISIELL_KODE,BESKRIVELSE,GYLDIG_FOM,GYLDIG_TOM)
VALUES (seq_kodeliste.nextval,'ENDRING_UTTAK_KVOTE_TYPE','SYKDOM',null,'Sykdom, helt avhengig av hjelp til å ta seg av barnet',to_date('01.01.2000','DD.MM.RRRR'),
to_date('31.12.9999','DD.MM.RRRR'));

INSERT INTO KODELISTE_NAVN_I18N (ID,KL_KODEVERK,KL_KODE,SPRAK,NAVN,OPPRETTET_AV,OPPRETTET_TID,ENDRET_AV,ENDRET_TID)
VALUES (SEQ_KODELISTE_NAVN_I18N.NEXTVAL,'ENDRING_UTTAK_KVOTE_TYPE','SYKDOM','NB','Sykdom, helt avhengig av hjelp til å ta seg av barnet','VL',
to_date(sysdate,'DD.MM.RRRR'),null,null);

INSERT INTO KODELISTE (ID,KODEVERK,KODE,OFFISIELL_KODE,BESKRIVELSE,GYLDIG_FOM,GYLDIG_TOM)
VALUES (seq_kodeliste.nextval,'ENDRING_UTTAK_KVOTE_TYPE','INNLEGGELSE',null,'Innleggelse i helseinstitusjon',to_date('01.01.2000','DD.MM.RRRR'),to_date('31.12.9999','DD.MM.RRRR'));

INSERT INTO KODELISTE_NAVN_I18N (ID,KL_KODEVERK,KL_KODE,SPRAK,NAVN,OPPRETTET_AV,OPPRETTET_TID,ENDRET_AV,ENDRET_TID)
VALUES (SEQ_KODELISTE_NAVN_I18N.NEXTVAL,'ENDRING_UTTAK_KVOTE_TYPE','INNLEGGELSE','NB','Innleggelse i helseinstitusjon','VL',to_date(sysdate,'DD.MM.RRRR'),null,null);

INSERT INTO KODELISTE (ID,KODEVERK,KODE,OFFISIELL_KODE,BESKRIVELSE,GYLDIG_FOM,GYLDIG_TOM)
VALUES (seq_kodeliste.nextval,'STONAD_PERIODE_TYPE','ENDRET_DEKNINGSGRAD',null,'Endret dekningsgrad',to_date('01.01.2000','DD.MM.RRRR'),to_date('31.12.9999','DD.MM.RRRR'));

INSERT INTO KODELISTE_NAVN_I18N (ID,KL_KODEVERK,KL_KODE,SPRAK,NAVN,OPPRETTET_AV,OPPRETTET_TID,ENDRET_AV,ENDRET_TID)
VALUES (SEQ_KODELISTE_NAVN_I18N.NEXTVAL,'STONAD_PERIODE_TYPE','ENDRET_DEKNINGSGRAD','NB','Endret dekningsgrad','VL',to_date(sysdate,'DD.MM.RRRR'),null,null);

INSERT INTO KODELISTE (ID,KODEVERK,KODE,OFFISIELL_KODE,BESKRIVELSE,GYLDIG_FOM,GYLDIG_TOM)
VALUES (seq_kodeliste.nextval,'STONAD_PERIODE_TYPE','FLERBARNSDAGER',null,'Flerbarnsdager',to_date('01.01.2000','DD.MM.RRRR'),to_date('31.12.9999','DD.MM.RRRR'));

INSERT INTO KODELISTE_NAVN_I18N (ID,KL_KODEVERK,KL_KODE,SPRAK,NAVN,OPPRETTET_AV,OPPRETTET_TID,ENDRET_AV,ENDRET_TID)
VALUES (SEQ_KODELISTE_NAVN_I18N.NEXTVAL,'STONAD_PERIODE_TYPE','FLERBARNSDAGER','NB','Flerbarnsdager','VL',to_date(sysdate,'DD.MM.RRRR'),null,null);

INSERT INTO KODELISTE (ID,KODEVERK,KODE,OFFISIELL_KODE,BESKRIVELSE,GYLDIG_FOM,GYLDIG_TOM)
VALUES (seq_kodeliste.nextval,'OPPTJENING','INGEN_INTEKT',null,'Ikke inntekt 6 av siste 10 måneder',to_date('01.01.2000','DD.MM.RRRR'),to_date('31.12.9999','DD.MM.RRRR'));

INSERT INTO KODELISTE_NAVN_I18N (ID,KL_KODEVERK,KL_KODE,SPRAK,NAVN,OPPRETTET_AV,OPPRETTET_TID,ENDRET_AV,ENDRET_TID)
VALUES (SEQ_KODELISTE_NAVN_I18N.NEXTVAL,'OPPTJENING','INGEN_INTEKT','NB','Ikke inntekt 6 av siste 10 måneder','VL',to_date(sysdate,'DD.MM.RRRR'),null,null);

INSERT INTO KODELISTE (ID,KODEVERK,KODE,OFFISIELL_KODE,BESKRIVELSE,GYLDIG_FOM,GYLDIG_TOM)
VALUES (seq_kodeliste.nextval,'OPPTJENING','INTEKT_UNDER',null,'Inntekt under 1/2 G',to_date('01.01.2000','DD.MM.RRRR'),to_date('31.12.9999','DD.MM.RRRR'));

INSERT INTO KODELISTE_NAVN_I18N (ID,KL_KODEVERK,KL_KODE,SPRAK,NAVN,OPPRETTET_AV,OPPRETTET_TID,ENDRET_AV,ENDRET_TID)
VALUES (SEQ_KODELISTE_NAVN_I18N.NEXTVAL,'OPPTJENING','INTEKT_UNDER','NB','Inntekt under 1/2 G','VL',to_date(sysdate,'DD.MM.RRRR'),null,null);

INSERT INTO KODELISTE (ID,KODEVERK,KODE,OFFISIELL_KODE,BESKRIVELSE,GYLDIG_FOM,GYLDIG_TOM)
VALUES (seq_kodeliste.nextval,'MORS_AKTIVITET_TYPE','IKKE_ARBEIDET_HELTID',null,'Mor ikke arbeidet heltid',to_date('01.01.2000','DD.MM.RRRR'),to_date('31.12.9999','DD.MM.RRRR'));

INSERT INTO KODELISTE_NAVN_I18N (ID,KL_KODEVERK,KL_KODE,SPRAK,NAVN,OPPRETTET_AV,OPPRETTET_TID,ENDRET_AV,ENDRET_TID)
VALUES (SEQ_KODELISTE_NAVN_I18N.NEXTVAL,'MORS_AKTIVITET_TYPE','IKKE_ARBEIDET_HELTID','NB','Mor ikke arbeidet heltid','VL',to_date(sysdate,'DD.MM.RRRR'),null,null);

INSERT INTO KODELISTE (ID,KODEVERK,KODE,OFFISIELL_KODE,BESKRIVELSE,GYLDIG_FOM,GYLDIG_TOM)
VALUES (seq_kodeliste.nextval,'MORS_AKTIVITET_TYPE','IKKE_STUDERT_HELTID',null,'Mor ikke studert heltid',to_date('01.01.2000','DD.MM.RRRR'),to_date('31.12.9999','DD.MM.RRRR'));

INSERT INTO KODELISTE_NAVN_I18N (ID,KL_KODEVERK,KL_KODE,SPRAK,NAVN,OPPRETTET_AV,OPPRETTET_TID,ENDRET_AV,ENDRET_TID)
VALUES (SEQ_KODELISTE_NAVN_I18N.NEXTVAL,'MORS_AKTIVITET_TYPE','IKKE_STUDERT_HELTID','NB','Mor ikke studert heltid','VL',to_date(sysdate,'DD.MM.RRRR'),null,null);

INSERT INTO KODELISTE (ID,KODEVERK,KODE,OFFISIELL_KODE,BESKRIVELSE,GYLDIG_FOM,GYLDIG_TOM)
VALUES (seq_kodeliste.nextval,'MORS_AKTIVITET_TYPE','IKKE_ARBEIDET_STUDERT_HELTID',null,'Mor ikke arbeid og studier - heltid',to_date('01.01.2000','DD.MM.RRRR'),
to_date('31.12.9999','DD.MM.RRRR'));

INSERT INTO KODELISTE_NAVN_I18N (ID,KL_KODEVERK,KL_KODE,SPRAK,NAVN,OPPRETTET_AV,OPPRETTET_TID,ENDRET_AV,ENDRET_TID)
VALUES (SEQ_KODELISTE_NAVN_I18N.NEXTVAL,'MORS_AKTIVITET_TYPE','IKKE_ARBEIDET_STUDERT_HELTID','NB','Mor ikke arbeid og studier - heltid','VL',
to_date(sysdate,'DD.MM.RRRR'),null,null);

INSERT INTO KODELISTE (ID,KODEVERK,KODE,OFFISIELL_KODE,BESKRIVELSE,GYLDIG_FOM,GYLDIG_TOM)
VALUES (seq_kodeliste.nextval,'MORS_AKTIVITET_TYPE','IKKE_INNLAGT',null,'Mor ikke innlagt helseinstitusjon',to_date('01.01.2000','DD.MM.RRRR'),to_date('31.12.9999','DD.MM.RRRR'));

INSERT INTO KODELISTE_NAVN_I18N (ID,KL_KODEVERK,KL_KODE,SPRAK,NAVN,OPPRETTET_AV,OPPRETTET_TID,ENDRET_AV,ENDRET_TID)
VALUES (SEQ_KODELISTE_NAVN_I18N.NEXTVAL,'MORS_AKTIVITET_TYPE','IKKE_INNLAGT','NB','Mor ikke innlagt helseinstitusjon','VL',to_date(sysdate,'DD.MM.RRRR'),null,null);

INSERT INTO KODELISTE (ID,KODEVERK,KODE,OFFISIELL_KODE,BESKRIVELSE,GYLDIG_FOM,GYLDIG_TOM)
VALUES (seq_kodeliste.nextval,'MORS_AKTIVITET_TYPE','IKKE_HELT_AVHENGIG',null,'Mor ikke helt avhengig av hjelp til å ta seg av barnet',to_date('01.01.2000','DD.MM.RRRR'),
to_date('31.12.9999','DD.MM.RRRR'));

INSERT INTO KODELISTE_NAVN_I18N (ID,KL_KODEVERK,KL_KODE,SPRAK,NAVN,OPPRETTET_AV,OPPRETTET_TID,ENDRET_AV,ENDRET_TID)
VALUES (SEQ_KODELISTE_NAVN_I18N.NEXTVAL,'MORS_AKTIVITET_TYPE','IKKE_HELT_AVHENGIG','NB','Mor ikke helt avhengig av hjelp til å ta seg av barnet','VL',
to_date(sysdate,'DD.MM.RRRR'),null,null);

INSERT INTO KODELISTE (ID,KODEVERK,KODE,OFFISIELL_KODE,BESKRIVELSE,GYLDIG_FOM,GYLDIG_TOM)
VALUES (seq_kodeliste.nextval,'MORS_AKTIVITET_TYPE','IKKE_KVALIFISERINGSPROGRAM',null,'Mor ikke i kvalifiseringsprogram',to_date('01.01.2000','DD.MM.RRRR'),
to_date('31.12.9999','DD.MM.RRRR'));

INSERT INTO KODELISTE_NAVN_I18N (ID,KL_KODEVERK,KL_KODE,SPRAK,NAVN,OPPRETTET_AV,OPPRETTET_TID,ENDRET_AV,ENDRET_TID)
VALUES (SEQ_KODELISTE_NAVN_I18N.NEXTVAL,'MORS_AKTIVITET_TYPE','IKKE_KVALIFISERINGSPROGRAM','NB','Mor ikke i kvalifiseringsprogram','VL',to_date(sysdate,'DD.MM.RRRR'),null,null);

INSERT INTO KODELISTE (ID,KODEVERK,KODE,OFFISIELL_KODE,BESKRIVELSE,GYLDIG_FOM,GYLDIG_TOM)
VALUES (seq_kodeliste.nextval,'MORS_AKTIVITET_TYPE','IKKE_INTRODUKSJONSPROGRAM',null,'Mor ikke i introduksjonsprogram',to_date('01.01.2000','DD.MM.RRRR'),
to_date('31.12.9999','DD.MM.RRRR'));

INSERT INTO KODELISTE_NAVN_I18N (ID,KL_KODEVERK,KL_KODE,SPRAK,NAVN,OPPRETTET_AV,OPPRETTET_TID,ENDRET_AV,ENDRET_TID)
VALUES (SEQ_KODELISTE_NAVN_I18N.NEXTVAL,'MORS_AKTIVITET_TYPE','IKKE_INTRODUKSJONSPROGRAM','NB','Mor ikke i introduksjonsprogram','VL',to_date(sysdate,'DD.MM.RRRR'),null,null);

INSERT INTO KODELISTE (ID,KODEVERK,KODE,OFFISIELL_KODE,BESKRIVELSE,GYLDIG_FOM,GYLDIG_TOM)
VALUES (seq_kodeliste.nextval,'OPPHOR','BARN_DOD',null,'Barn død',to_date('01.01.2000','DD.MM.RRRR'),to_date('31.12.9999','DD.MM.RRRR'));

INSERT INTO KODELISTE_NAVN_I18N (ID,KL_KODEVERK,KL_KODE,SPRAK,NAVN,OPPRETTET_AV,OPPRETTET_TID,ENDRET_AV,ENDRET_TID)
VALUES (SEQ_KODELISTE_NAVN_I18N.NEXTVAL,'OPPHOR','BARN_DOD','NB','Barn død','VL',to_date(sysdate,'DD.MM.RRRR'),null,null);

INSERT INTO KODELISTE (ID,KODEVERK,KODE,OFFISIELL_KODE,BESKRIVELSE,GYLDIG_FOM,GYLDIG_TOM)
VALUES (seq_kodeliste.nextval,'OPPHOR','STONADSMOTTAKER_DOD',null,'Stonadsmottaker død',to_date('01.01.2000','DD.MM.RRRR'),to_date('31.12.9999','DD.MM.RRRR'));

INSERT INTO KODELISTE_NAVN_I18N (ID,KL_KODEVERK,KL_KODE,SPRAK,NAVN,OPPRETTET_AV,OPPRETTET_TID,ENDRET_AV,ENDRET_TID)
VALUES (SEQ_KODELISTE_NAVN_I18N.NEXTVAL,'OPPHOR','STONADSMOTTAKER_DOD','NB','Stonadsmottaker død','VL',to_date(sysdate,'DD.MM.RRRR'),null,null);

INSERT INTO KODELISTE (ID,KODEVERK,KODE,OFFISIELL_KODE,BESKRIVELSE,GYLDIG_FOM,GYLDIG_TOM)
VALUES (seq_kodeliste.nextval,'UTBETALING_SYSTEM_FEIL','DOBBELT_UTBETALING',null,'Dobbeltutbetaling',to_date('01.01.2000','DD.MM.RRRR'),to_date('31.12.9999','DD.MM.RRRR'));

INSERT INTO KODELISTE_NAVN_I18N (ID,KL_KODEVERK,KL_KODE,SPRAK,NAVN,OPPRETTET_AV,OPPRETTET_TID,ENDRET_AV,ENDRET_TID)
VALUES (SEQ_KODELISTE_NAVN_I18N.NEXTVAL,'UTBETALING_SYSTEM_FEIL','DOBBELT_UTBETALING','NB','Dobbeltutbetaling','VL',to_date(sysdate,'DD.MM.RRRR'),null,null);

INSERT INTO KODELISTE (ID,KODEVERK,KODE,OFFISIELL_KODE,BESKRIVELSE,GYLDIG_FOM,GYLDIG_TOM)
VALUES (seq_kodeliste.nextval,'UTBETALING_SYSTEM_FEIL','UTBETALING_TIL_FEIL_MOTTAKER',null,'Utbetaling til feil mottaker',to_date('01.01.2000','DD.MM.RRRR'),
to_date('31.12.9999','DD.MM.RRRR'));

INSERT INTO KODELISTE_NAVN_I18N (ID,KL_KODEVERK,KL_KODE,SPRAK,NAVN,OPPRETTET_AV,OPPRETTET_TID,ENDRET_AV,ENDRET_TID)
VALUES (SEQ_KODELISTE_NAVN_I18N.NEXTVAL,'UTBETALING_SYSTEM_FEIL','UTBETALING_TIL_FEIL_MOTTAKER','NB','Utbetaling til feil mottaker','VL',to_date(sysdate,'DD.MM.RRRR'),null,null);

INSERT INTO KODELISTE (ID,KODEVERK,KODE,OFFISIELL_KODE,BESKRIVELSE,GYLDIG_FOM,GYLDIG_TOM)
VALUES (seq_kodeliste.nextval,'UTBETALING_SYSTEM_FEIL','ANNET',null,'Annet',to_date('01.01.2000','DD.MM.RRRR'),to_date('31.12.9999','DD.MM.RRRR'));

INSERT INTO KODELISTE_NAVN_I18N (ID,KL_KODEVERK,KL_KODE,SPRAK,NAVN,OPPRETTET_AV,OPPRETTET_TID,ENDRET_AV,ENDRET_TID)
VALUES (SEQ_KODELISTE_NAVN_I18N.NEXTVAL,'UTBETALING_SYSTEM_FEIL','ANNET','NB','Annet','VL',to_date(sysdate,'DD.MM.RRRR'),null,null);

INSERT INTO KODELISTE (ID,KODEVERK,KODE,OFFISIELL_KODE,BESKRIVELSE,GYLDIG_FOM,GYLDIG_TOM)
VALUES (seq_kodeliste.nextval,'AARSAK_UDEFINERT','-',null,'Ikke Definert',to_date('01.01.2000','DD.MM.RRRR'),to_date('31.12.9999','DD.MM.RRRR'));

INSERT INTO KODELISTE_NAVN_I18N (ID,KL_KODEVERK,KL_KODE,SPRAK,NAVN,OPPRETTET_AV,OPPRETTET_TID,ENDRET_AV,ENDRET_TID)
VALUES (SEQ_KODELISTE_NAVN_I18N.NEXTVAL,'AARSAK_UDEFINERT','-','NB','Ikke Definert','VL',to_date(sysdate,'DD.MM.RRRR'),null,null);

--------------------------------------------------------
  --  LA TIL RELASJON I KODELISTE_RELASJON
--------------------------------------------------------
INSERT INTO KODELISTE_RELASJON (ID,KODEVERK1,KODE1,KODEVERK2,KODE2,GYLDIG_FOM,GYLDIG_TOM,OPPRETTET_AV,OPPRETTET_TID)
VALUES (SEQ_KODELISTE_RELASJON.NEXTVAL,'UTSETTELSE_AARSAK_TYPE','UTSETTELSE_ARBEID','UTSETTELSE_ARBEID','UTSETTELSE_ARBEID_HELTID',to_date(sysdate,'DD.MM.RRRR'),
to_date('31.12.9999','DD.MM.RRRR'),'VL',to_timestamp(sysdate,'DD.MM.RRRR'));

INSERT INTO KODELISTE_RELASJON (ID,KODEVERK1,KODE1,KODEVERK2,KODE2,GYLDIG_FOM,GYLDIG_TOM,OPPRETTET_AV,OPPRETTET_TID)
VALUES (SEQ_KODELISTE_RELASJON.NEXTVAL,'UTSETTELSE_AARSAK_TYPE','UTSETTELSE_ARBEID','UTSETTELSE_ARBEID','UTSETTELSE_ARBEID_DELTID',to_date(sysdate,'DD.MM.RRRR'),
to_date('31.12.9999','DD.MM.RRRR'),'VL',to_timestamp(sysdate,'DD.MM.RRRR'));

INSERT INTO KODELISTE_RELASJON (ID,KODEVERK1,KODE1,KODEVERK2,KODE2,GYLDIG_FOM,GYLDIG_TOM,OPPRETTET_AV,OPPRETTET_TID)
VALUES (SEQ_KODELISTE_RELASJON.NEXTVAL,'UTSETTELSE_AARSAK_TYPE','UTSETTELSE_SKYDOM','UTSETTELSE_SYKDOM','STONADSMOTTAKER_BEHOV',to_date(sysdate,'DD.MM.RRRR'),
to_date('31.12.9999','DD.MM.RRRR'),'VL',to_timestamp(sysdate,'DD.MM.RRRR'));

INSERT INTO KODELISTE_RELASJON (ID,KODEVERK1,KODE1,KODEVERK2,KODE2,GYLDIG_FOM,GYLDIG_TOM,OPPRETTET_AV,OPPRETTET_TID)
VALUES (SEQ_KODELISTE_RELASJON.NEXTVAL,'UTSETTELSE_AARSAK_TYPE','UTSETTELSE_INSTITUSJON','UTSETTELSE_INNLEGGELSE','INNLEGGELSE_BRUKER',to_date(sysdate,'DD.MM.RRRR'),
to_date('31.12.9999','DD.MM.RRRR'),'VL',to_timestamp(sysdate,'DD.MM.RRRR'));

INSERT INTO KODELISTE_RELASJON (ID,KODEVERK1,KODE1,KODEVERK2,KODE2,GYLDIG_FOM,GYLDIG_TOM,OPPRETTET_AV,OPPRETTET_TID)
VALUES (SEQ_KODELISTE_RELASJON.NEXTVAL,'UTSETTELSE_AARSAK_TYPE','UTSETTELSE_INSTITUSJON','UTSETTELSE_INNLEGGELSE','INNLEGGELSE_BARNET',to_date(sysdate,'DD.MM.RRRR'),
to_date('31.12.9999','DD.MM.RRRR'),'VL',to_timestamp(sysdate,'DD.MM.RRRR'));

INSERT INTO KODELISTE_RELASJON (ID,KODEVERK1,KODE1,KODEVERK2,KODE2,GYLDIG_FOM,GYLDIG_TOM,OPPRETTET_AV,OPPRETTET_TID)
VALUES (SEQ_KODELISTE_RELASJON.NEXTVAL,'MEDLEMSKAP_VILKAARET_TYPE','MEDLEMSKAP_VILKAARET_TYPE','MEDLEMSKAP_VILKAAR','UTVANDRET_FODSEL',to_date(sysdate,'DD.MM.RRRR'),
to_date('31.12.9999','DD.MM.RRRR'),'VL',to_timestamp(sysdate,'DD.MM.RRRR'));

INSERT INTO KODELISTE_RELASJON (ID,KODEVERK1,KODE1,KODEVERK2,KODE2,GYLDIG_FOM,GYLDIG_TOM,OPPRETTET_AV,OPPRETTET_TID)
VALUES (SEQ_KODELISTE_RELASJON.NEXTVAL,'MEDLEMSKAP_VILKAARET_TYPE','MEDLEMSKAP_VILKAARET_TYPE','MEDLEMSKAP_VILKAAR','MEDLEM_ANNET_FODSEL',to_date(sysdate,'DD.MM.RRRR'),
to_date('31.12.9999','DD.MM.RRRR'),'VL',to_timestamp(sysdate,'DD.MM.RRRR'));

INSERT INTO KODELISTE_RELASJON (ID,KODEVERK1,KODE1,KODEVERK2,KODE2,GYLDIG_FOM,GYLDIG_TOM,OPPRETTET_AV,OPPRETTET_TID)
VALUES (SEQ_KODELISTE_RELASJON.NEXTVAL,'MEDLEMSKAP_VILKAARET_TYPE','MEDLEMSKAP_VILKAARET_TYPE','MEDLEMSKAP_VILKAAR','IKKE_OPPHOLDSTILLATELSE_FODSEL',to_date(sysdate,'DD.MM.RRRR'),
to_date('31.12.9999','DD.MM.RRRR'),'VL',to_timestamp(sysdate,'DD.MM.RRRR'));

INSERT INTO KODELISTE_RELASJON (ID,KODEVERK1,KODE1,KODEVERK2,KODE2,GYLDIG_FOM,GYLDIG_TOM,OPPRETTET_AV,OPPRETTET_TID)
VALUES (SEQ_KODELISTE_RELASJON.NEXTVAL,'MEDLEMSKAP_VILKAARET_TYPE','MEDLEMSKAP_VILKAARET_TYPE','MEDLEMSKAP_VILKAAR','IKKE_JOBB_FAMILIE_FODSEL',to_date(sysdate,'DD.MM.RRRR'),
to_date('31.12.9999','DD.MM.RRRR'),'VL',to_timestamp(sysdate,'DD.MM.RRRR'));

INSERT INTO KODELISTE_RELASJON (ID,KODEVERK1,KODE1,KODEVERK2,KODE2,GYLDIG_FOM,GYLDIG_TOM,OPPRETTET_AV,OPPRETTET_TID)
VALUES (SEQ_KODELISTE_RELASJON.NEXTVAL,'MEDLEMSKAP_VILKAARET_TYPE','MEDLEMSKAP_VILKAARET_TYPE','MEDLEMSKAP_VILKAAR','MER_OPPHOLD_UTLANDET_FODSEL',to_date(sysdate,'DD.MM.RRRR'),
to_date('31.12.9999','DD.MM.RRRR'),'VL',to_timestamp(sysdate,'DD.MM.RRRR'));

INSERT INTO KODELISTE_RELASJON (ID,KODEVERK1,KODE1,KODEVERK2,KODE2,GYLDIG_FOM,GYLDIG_TOM,OPPRETTET_AV,OPPRETTET_TID)
VALUES (SEQ_KODELISTE_RELASJON.NEXTVAL,'MEDLEMSKAP_VILKAARET_TYPE','MEDLEMSKAP_VILKAARET_TYPE','MEDLEMSKAP_VILKAAR','UTVANDRET_ADOPSJON',to_date(sysdate,'DD.MM.RRRR'),
to_date('31.12.9999','DD.MM.RRRR'),'VL',to_timestamp(sysdate,'DD.MM.RRRR'));

INSERT INTO KODELISTE_RELASJON (ID,KODEVERK1,KODE1,KODEVERK2,KODE2,GYLDIG_FOM,GYLDIG_TOM,OPPRETTET_AV,OPPRETTET_TID)
VALUES (SEQ_KODELISTE_RELASJON.NEXTVAL,'MEDLEMSKAP_VILKAARET_TYPE','MEDLEMSKAP_VILKAARET_TYPE','MEDLEMSKAP_VILKAAR','MEDLEM_ANNET_ADOPSJON',to_date(sysdate,'DD.MM.RRRR'),
to_date('31.12.9999','DD.MM.RRRR'),'VL',to_timestamp(sysdate,'DD.MM.RRRR'));

INSERT INTO KODELISTE_RELASJON (ID,KODEVERK1,KODE1,KODEVERK2,KODE2,GYLDIG_FOM,GYLDIG_TOM,OPPRETTET_AV,OPPRETTET_TID)
VALUES (SEQ_KODELISTE_RELASJON.NEXTVAL,'MEDLEMSKAP_VILKAARET_TYPE','MEDLEMSKAP_VILKAARET_TYPE','MEDLEMSKAP_VILKAAR','IKKE_OPPHOLDSTILLATELSE_ADOPSJON',to_date(sysdate,'DD.MM.RRRR'),
to_date('31.12.9999','DD.MM.RRRR'),'VL',to_timestamp(sysdate,'DD.MM.RRRR'));

INSERT INTO KODELISTE_RELASJON (ID,KODEVERK1,KODE1,KODEVERK2,KODE2,GYLDIG_FOM,GYLDIG_TOM,OPPRETTET_AV,OPPRETTET_TID)
VALUES (SEQ_KODELISTE_RELASJON.NEXTVAL,'MEDLEMSKAP_VILKAARET_TYPE','MEDLEMSKAP_VILKAARET_TYPE','MEDLEMSKAP_VILKAAR','IKKE_JOBB_FAMILIE_ADOPSJON',to_date(sysdate,'DD.MM.RRRR'),
to_date('31.12.9999','DD.MM.RRRR'),'VL',to_timestamp(sysdate,'DD.MM.RRRR'));

INSERT INTO KODELISTE_RELASJON (ID,KODEVERK1,KODE1,KODEVERK2,KODE2,GYLDIG_FOM,GYLDIG_TOM,OPPRETTET_AV,OPPRETTET_TID)
VALUES (SEQ_KODELISTE_RELASJON.NEXTVAL,'MEDLEMSKAP_VILKAARET_TYPE','MEDLEMSKAP_VILKAARET_TYPE','MEDLEMSKAP_VILKAAR','MER_OPPHOLD_UTLANDET_ADOPSJON',to_date(sysdate,'DD.MM.RRRR'),
to_date('31.12.9999','DD.MM.RRRR'),'VL',to_timestamp(sysdate,'DD.MM.RRRR'));

INSERT INTO KODELISTE_RELASJON (ID,KODEVERK1,KODE1,KODEVERK2,KODE2,GYLDIG_FOM,GYLDIG_TOM,OPPRETTET_AV,OPPRETTET_TID)
VALUES (SEQ_KODELISTE_RELASJON.NEXTVAL,'UTTAK_KVOTE','ENDRING_UTTAK_KVOTE','ENDRING_UTTAK_KVOTE_TYPE','SYKDOM',to_date(sysdate,'DD.MM.RRRR'),
to_date('31.12.9999','DD.MM.RRRR'),'VL',to_timestamp(sysdate,'DD.MM.RRRR'));

INSERT INTO KODELISTE_RELASJON (ID,KODEVERK1,KODE1,KODEVERK2,KODE2,GYLDIG_FOM,GYLDIG_TOM,OPPRETTET_AV,OPPRETTET_TID)
VALUES (SEQ_KODELISTE_RELASJON.NEXTVAL,'UTTAK_KVOTE','ENDRING_UTTAK_KVOTE','ENDRING_UTTAK_KVOTE_TYPE','INNLEGGELSE',to_date(sysdate,'DD.MM.RRRR'),
to_date('31.12.9999','DD.MM.RRRR'),'VL',to_timestamp(sysdate,'DD.MM.RRRR'));

INSERT INTO KODELISTE_RELASJON (ID,KODEVERK1,KODE1,KODEVERK2,KODE2,GYLDIG_FOM,GYLDIG_TOM,OPPRETTET_AV,OPPRETTET_TID)
VALUES (SEQ_KODELISTE_RELASJON.NEXTVAL,'STONAD_PERIODE','STONAD_PERIODE','STONAD_PERIODE_TYPE','ENDRET_DEKNINGSGRAD',to_date(sysdate,'DD.MM.RRRR'),
to_date('31.12.9999','DD.MM.RRRR'),'VL',to_timestamp(sysdate,'DD.MM.RRRR'));

INSERT INTO KODELISTE_RELASJON (ID,KODEVERK1,KODE1,KODEVERK2,KODE2,GYLDIG_FOM,GYLDIG_TOM,OPPRETTET_AV,OPPRETTET_TID)
VALUES (SEQ_KODELISTE_RELASJON.NEXTVAL,'STONAD_PERIODE','STONAD_PERIODE','STONAD_PERIODE_TYPE','FLERBARNSDAGER',to_date(sysdate,'DD.MM.RRRR'),
to_date('31.12.9999','DD.MM.RRRR'),'VL',to_timestamp(sysdate,'DD.MM.RRRR'));

INSERT INTO KODELISTE_RELASJON (ID,KODEVERK1,KODE1,KODEVERK2,KODE2,GYLDIG_FOM,GYLDIG_TOM,OPPRETTET_AV,OPPRETTET_TID)
VALUES (SEQ_KODELISTE_RELASJON.NEXTVAL,'OPPTJENING_TYPE','OPPTJENING_TYPE','OPPTJENING','INGEN_INTEKT',to_date(sysdate,'DD.MM.RRRR'),
to_date('31.12.9999','DD.MM.RRRR'),'VL',to_timestamp(sysdate,'DD.MM.RRRR'));

INSERT INTO KODELISTE_RELASJON (ID,KODEVERK1,KODE1,KODEVERK2,KODE2,GYLDIG_FOM,GYLDIG_TOM,OPPRETTET_AV,OPPRETTET_TID)
VALUES (SEQ_KODELISTE_RELASJON.NEXTVAL,'OPPTJENING_TYPE','OPPTJENING_TYPE','OPPTJENING','INTEKT_UNDER',to_date(sysdate,'DD.MM.RRRR'),
to_date('31.12.9999','DD.MM.RRRR'),'VL',to_timestamp(sysdate,'DD.MM.RRRR'));

INSERT INTO KODELISTE_RELASJON (ID,KODEVERK1,KODE1,KODEVERK2,KODE2,GYLDIG_FOM,GYLDIG_TOM,OPPRETTET_AV,OPPRETTET_TID)
VALUES (SEQ_KODELISTE_RELASJON.NEXTVAL,'MORS_AKTIVITET_KRAV','MORS_AKTIVITET_TYPE','MORS_AKTIVITET_TYPE','IKKE_ARBEIDET_HELTID',to_date(sysdate,'DD.MM.RRRR'),
to_date('31.12.9999','DD.MM.RRRR'),'VL',to_timestamp(sysdate,'DD.MM.RRRR'));

INSERT INTO KODELISTE_RELASJON (ID,KODEVERK1,KODE1,KODEVERK2,KODE2,GYLDIG_FOM,GYLDIG_TOM,OPPRETTET_AV,OPPRETTET_TID)
VALUES (SEQ_KODELISTE_RELASJON.NEXTVAL,'MORS_AKTIVITET_KRAV','MORS_AKTIVITET_TYPE','MORS_AKTIVITET_TYPE','IKKE_STUDERT_HELTID',to_date(sysdate,'DD.MM.RRRR'),
to_date('31.12.9999','DD.MM.RRRR'),'VL',to_timestamp(sysdate,'DD.MM.RRRR'));

INSERT INTO KODELISTE_RELASJON (ID,KODEVERK1,KODE1,KODEVERK2,KODE2,GYLDIG_FOM,GYLDIG_TOM,OPPRETTET_AV,OPPRETTET_TID)
VALUES (SEQ_KODELISTE_RELASJON.NEXTVAL,'MORS_AKTIVITET_KRAV','MORS_AKTIVITET_TYPE','MORS_AKTIVITET_TYPE','IKKE_ARBEIDET_STUDERT_HELTID',to_date(sysdate,'DD.MM.RRRR'),
to_date('31.12.9999','DD.MM.RRRR'),'VL',to_timestamp(sysdate,'DD.MM.RRRR'));

INSERT INTO KODELISTE_RELASJON (ID,KODEVERK1,KODE1,KODEVERK2,KODE2,GYLDIG_FOM,GYLDIG_TOM,OPPRETTET_AV,OPPRETTET_TID)
VALUES (SEQ_KODELISTE_RELASJON.NEXTVAL,'MORS_AKTIVITET_KRAV','MORS_AKTIVITET_TYPE','MORS_AKTIVITET_TYPE','IKKE_INNLAGT',to_date(sysdate,'DD.MM.RRRR'),
to_date('31.12.9999','DD.MM.RRRR'),'VL',to_timestamp(sysdate,'DD.MM.RRRR'));

INSERT INTO KODELISTE_RELASJON (ID,KODEVERK1,KODE1,KODEVERK2,KODE2,GYLDIG_FOM,GYLDIG_TOM,OPPRETTET_AV,OPPRETTET_TID)
VALUES (SEQ_KODELISTE_RELASJON.NEXTVAL,'MORS_AKTIVITET_KRAV','MORS_AKTIVITET_TYPE','MORS_AKTIVITET_TYPE','IKKE_HELT_AVHENGIG',to_date(sysdate,'DD.MM.RRRR'),
to_date('31.12.9999','DD.MM.RRRR'),'VL',to_timestamp(sysdate,'DD.MM.RRRR'));

INSERT INTO KODELISTE_RELASJON (ID,KODEVERK1,KODE1,KODEVERK2,KODE2,GYLDIG_FOM,GYLDIG_TOM,OPPRETTET_AV,OPPRETTET_TID)
VALUES (SEQ_KODELISTE_RELASJON.NEXTVAL,'MORS_AKTIVITET_KRAV','MORS_AKTIVITET_TYPE','MORS_AKTIVITET_TYPE','IKKE_KVALIFISERINGSPROGRAM',to_date(sysdate,'DD.MM.RRRR'),
to_date('31.12.9999','DD.MM.RRRR'),'VL',to_timestamp(sysdate,'DD.MM.RRRR'));

INSERT INTO KODELISTE_RELASJON (ID,KODEVERK1,KODE1,KODEVERK2,KODE2,GYLDIG_FOM,GYLDIG_TOM,OPPRETTET_AV,OPPRETTET_TID)
VALUES (SEQ_KODELISTE_RELASJON.NEXTVAL,'MORS_AKTIVITET_KRAV','MORS_AKTIVITET_TYPE','MORS_AKTIVITET_TYPE','IKKE_INTRODUKSJONSPROGRAM',to_date(sysdate,'DD.MM.RRRR'),
to_date('31.12.9999','DD.MM.RRRR'),'VL',to_timestamp(sysdate,'DD.MM.RRRR'));

INSERT INTO KODELISTE_RELASJON (ID,KODEVERK1,KODE1,KODEVERK2,KODE2,GYLDIG_FOM,GYLDIG_TOM,OPPRETTET_AV,OPPRETTET_TID)
VALUES (SEQ_KODELISTE_RELASJON.NEXTVAL,'OPPHOR_AARSAK_TYPE','OPPHOR_DOD','OPPHOR','BARN_DOD',to_date(sysdate,'DD.MM.RRRR'),
to_date('31.12.9999','DD.MM.RRRR'),'VL',to_timestamp(sysdate,'DD.MM.RRRR'));

INSERT INTO KODELISTE_RELASJON (ID,KODEVERK1,KODE1,KODEVERK2,KODE2,GYLDIG_FOM,GYLDIG_TOM,OPPRETTET_AV,OPPRETTET_TID)
VALUES (SEQ_KODELISTE_RELASJON.NEXTVAL,'OPPHOR_AARSAK_TYPE','OPPHOR_DOD','OPPHOR','STONADSMOTTAKER_DOD',to_date(sysdate,'DD.MM.RRRR'),
to_date('31.12.9999','DD.MM.RRRR'),'VL',to_timestamp(sysdate,'DD.MM.RRRR'));

INSERT INTO KODELISTE_RELASJON (ID,KODEVERK1,KODE1,KODEVERK2,KODE2,GYLDIG_FOM,GYLDIG_TOM,OPPRETTET_AV,OPPRETTET_TID)
VALUES (SEQ_KODELISTE_RELASJON.NEXTVAL,'UTBETALING_SYSTEM_FEIL_TYPE','UTBETALING_SYSTEM_FEIL_TYPE','UTBETALING_SYSTEM_FEIL','DOBBELT_UTBETALING',to_date(sysdate,'DD.MM.RRRR'),
to_date('31.12.9999','DD.MM.RRRR'),'VL',to_timestamp(sysdate,'DD.MM.RRRR'));

INSERT INTO KODELISTE_RELASJON (ID,KODEVERK1,KODE1,KODEVERK2,KODE2,GYLDIG_FOM,GYLDIG_TOM,OPPRETTET_AV,OPPRETTET_TID)
VALUES (SEQ_KODELISTE_RELASJON.NEXTVAL,'UTBETALING_SYSTEM_FEIL_TYPE','UTBETALING_SYSTEM_FEIL_TYPE','UTBETALING_SYSTEM_FEIL','UTBETALING_TIL_FEIL_MOTTAKER',
to_date(sysdate,'DD.MM.RRRR'),to_date('31.12.9999','DD.MM.RRRR'),'VL',to_timestamp(sysdate,'DD.MM.RRRR'));

INSERT INTO KODELISTE_RELASJON (ID,KODEVERK1,KODE1,KODEVERK2,KODE2,GYLDIG_FOM,GYLDIG_TOM,OPPRETTET_AV,OPPRETTET_TID)
VALUES (SEQ_KODELISTE_RELASJON.NEXTVAL,'UTBETALING_SYSTEM_FEIL_TYPE','UTBETALING_SYSTEM_FEIL_TYPE','UTBETALING_SYSTEM_FEIL','ANNET',to_date(sysdate,'DD.MM.RRRR'),
to_date('31.12.9999','DD.MM.RRRR'),'VL',to_timestamp(sysdate,'DD.MM.RRRR'));

INSERT INTO KODELISTE_RELASJON (ID,KODEVERK1,KODE1,KODEVERK2,KODE2,GYLDIG_FOM,GYLDIG_TOM,OPPRETTET_AV,OPPRETTET_TID)
VALUES (SEQ_KODELISTE_RELASJON.NEXTVAL,'GRADERING_AARSAK_TYPE','GRADERING','AARSAK_UDEFINERT','-',to_date(sysdate,'DD.MM.RRRR'),
to_date('31.12.9999','DD.MM.RRRR'),'VL',to_timestamp(sysdate,'DD.MM.RRRR'));

INSERT INTO KODELISTE_RELASJON (ID,KODEVERK1,KODE1,KODEVERK2,KODE2,GYLDIG_FOM,GYLDIG_TOM,OPPRETTET_AV,OPPRETTET_TID)
VALUES (SEQ_KODELISTE_RELASJON.NEXTVAL,'UTSETTELSE_AARSAK_TYPE','UTSETTELSE_FERIE','AARSAK_UDEFINERT','-',to_date(sysdate,'DD.MM.RRRR'),
to_date('31.12.9999','DD.MM.RRRR'),'VL',to_timestamp(sysdate,'DD.MM.RRRR'));

INSERT INTO KODELISTE_RELASJON (ID,KODEVERK1,KODE1,KODEVERK2,KODE2,GYLDIG_FOM,GYLDIG_TOM,OPPRETTET_AV,OPPRETTET_TID)
VALUES (SEQ_KODELISTE_RELASJON.NEXTVAL,'BEREGNINGSGRUNNLAG_TILSTAND','ENDRING_BEREGNINGSGRUNNLAGET','AARSAK_UDEFINERT','-',to_date(sysdate,'DD.MM.RRRR'),
to_date('31.12.9999','DD.MM.RRRR'),'VL',to_timestamp(sysdate,'DD.MM.RRRR'));

INSERT INTO KODELISTE_RELASJON (ID,KODEVERK1,KODE1,KODEVERK2,KODE2,GYLDIG_FOM,GYLDIG_TOM,OPPRETTET_AV,OPPRETTET_TID)
VALUES (SEQ_KODELISTE_RELASJON.NEXTVAL,'OMSORG_TYPE','IKKE_ALENEOMSORG','AARSAK_UDEFINERT','-',to_date(sysdate,'DD.MM.RRRR'),
to_date('31.12.9999','DD.MM.RRRR'),'VL',to_timestamp(sysdate,'DD.MM.RRRR'));

INSERT INTO KODELISTE_RELASJON (ID,KODEVERK1,KODE1,KODEVERK2,KODE2,GYLDIG_FOM,GYLDIG_TOM,OPPRETTET_AV,OPPRETTET_TID)
VALUES (SEQ_KODELISTE_RELASJON.NEXTVAL,'OMSORG_TYPE','IKKE_OMSORG_BARN','AARSAK_UDEFINERT','-',to_date(sysdate,'DD.MM.RRRR'),
to_date('31.12.9999','DD.MM.RRRR'),'VL',to_timestamp(sysdate,'DD.MM.RRRR'));

INSERT INTO KODELISTE_RELASJON (ID,KODEVERK1,KODE1,KODEVERK2,KODE2,GYLDIG_FOM,GYLDIG_TOM,OPPRETTET_AV,OPPRETTET_TID)
VALUES (SEQ_KODELISTE_RELASJON.NEXTVAL,'STONAD_PERIODE','MANGLENDE_STONAD_PERIODE','AARSAK_UDEFINERT','-',to_date(sysdate,'DD.MM.RRRR'),
to_date('31.12.9999','DD.MM.RRRR'),'VL',to_timestamp(sysdate,'DD.MM.RRRR'));

INSERT INTO KODELISTE_RELASJON (ID,KODEVERK1,KODE1,KODEVERK2,KODE2,GYLDIG_FOM,GYLDIG_TOM,OPPRETTET_AV,OPPRETTET_TID)
VALUES (SEQ_KODELISTE_RELASJON.NEXTVAL,'STONAD_PERIODE','MOR_STONAD_PERIODE','AARSAK_UDEFINERT','-',to_date(sysdate,'DD.MM.RRRR'),
to_date('31.12.9999','DD.MM.RRRR'),'VL',to_timestamp(sysdate,'DD.MM.RRRR'));

INSERT INTO KODELISTE_RELASJON (ID,KODEVERK1,KODE1,KODEVERK2,KODE2,GYLDIG_FOM,GYLDIG_TOM,OPPRETTET_AV,OPPRETTET_TID)
VALUES (SEQ_KODELISTE_RELASJON.NEXTVAL,'FORELDES_UTTAK','FORELDES_SAMTIDIGE_UTTAK','AARSAK_UDEFINERT','-',to_date(sysdate,'DD.MM.RRRR'),
to_date('31.12.9999','DD.MM.RRRR'),'VL',to_timestamp(sysdate,'DD.MM.RRRR'));

INSERT INTO KODELISTE_RELASJON (ID,KODEVERK1,KODE1,KODEVERK2,KODE2,GYLDIG_FOM,GYLDIG_TOM,OPPRETTET_AV,OPPRETTET_TID)
VALUES (SEQ_KODELISTE_RELASJON.NEXTVAL,'BARN_ALDER','BARN_ALDER_OVER_TRE','AARSAK_UDEFINERT','-',to_date(sysdate,'DD.MM.RRRR'),
to_date('31.12.9999','DD.MM.RRRR'),'VL',to_timestamp(sysdate,'DD.MM.RRRR'));

INSERT INTO KODELISTE_RELASJON (ID,KODEVERK1,KODE1,KODEVERK2,KODE2,GYLDIG_FOM,GYLDIG_TOM,OPPRETTET_AV,OPPRETTET_TID)
VALUES (SEQ_KODELISTE_RELASJON.NEXTVAL,'RETT_TYPE','FAR_RETT','AARSAK_UDEFINERT','-',to_date(sysdate,'DD.MM.RRRR'),
to_date('31.12.9999','DD.MM.RRRR'),'VL',to_timestamp(sysdate,'DD.MM.RRRR'));

INSERT INTO KODELISTE_RELASJON (ID,KODEVERK1,KODE1,KODEVERK2,KODE2,GYLDIG_FOM,GYLDIG_TOM,OPPRETTET_AV,OPPRETTET_TID)
VALUES (SEQ_KODELISTE_RELASJON.NEXTVAL,'ANNET_AARSAK_TYPE','ANNET','AARSAK_UDEFINERT','-',to_date(sysdate,'DD.MM.RRRR'),
to_date('31.12.9999','DD.MM.RRRR'),'VL',to_timestamp(sysdate,'DD.MM.RRRR'));