--felles
INSERT INTO KODEVERK (KODE,KODEVERK_EIER,KODEVERK_SYNK_NYE,KODEVERK_SYNK_EKSISTERENDE,NAVN,BESKRIVELSE,SAMMENSATT)
VALUES ('HENDELSE_TYPE','VL','N','N','HendelseType','HendelseType, også kjent som feilutbetalingårsak','N');

INSERT INTO KODEVERK (KODE,KODEVERK_EIER,KODEVERK_SYNK_NYE,KODEVERK_SYNK_EKSISTERENDE,NAVN,BESKRIVELSE,SAMMENSATT)
VALUES ('HENDELSE_UNDERTYPE','VL','N','N','Undertype for HendelseType','Undertype for HendelseType','N');


--foreldrepenger:
INSERT INTO KODELISTE (ID,KODEVERK,KODE,OFFISIELL_KODE,BESKRIVELSE)
VALUES (seq_kodeliste.nextval,'HENDELSE_TYPE','MEDLEMSKAP_TYPE',null,'§14-2 Medlemskap');

INSERT INTO KODELISTE_NAVN_I18N (ID,KL_KODEVERK,KL_KODE,SPRAK,NAVN)
VALUES (SEQ_KODELISTE_NAVN_I18N.NEXTVAL,'HENDELSE_TYPE','MEDLEMSKAP_TYPE','NB','§14-2 Medlemskap');

INSERT INTO KODELISTE (ID,KODEVERK,KODE,OFFISIELL_KODE,BESKRIVELSE)
VALUES (seq_kodeliste.nextval,'HENDELSE_TYPE','OPPTJENING_TYPE',null,'§14-6 Opptjening');

INSERT INTO KODELISTE_NAVN_I18N (ID,KL_KODEVERK,KL_KODE,SPRAK,NAVN)
VALUES (SEQ_KODELISTE_NAVN_I18N.NEXTVAL,'HENDELSE_TYPE','OPPTJENING_TYPE','NB','§14-6 Opptjening');

INSERT INTO KODELISTE (ID,KODEVERK,KODE,OFFISIELL_KODE,BESKRIVELSE)
VALUES (seq_kodeliste.nextval,'HENDELSE_TYPE','BEREGNING_TYPE',null,'§14-7 Beregning');

INSERT INTO KODELISTE_NAVN_I18N (ID,KL_KODEVERK,KL_KODE,SPRAK,NAVN)
VALUES (SEQ_KODELISTE_NAVN_I18N.NEXTVAL,'HENDELSE_TYPE','BEREGNING_TYPE','NB','§14-7 Beregning');

INSERT INTO KODELISTE (ID,KODEVERK,KODE,OFFISIELL_KODE,BESKRIVELSE)
VALUES (seq_kodeliste.nextval,'HENDELSE_TYPE','STONADSPERIODEN_TYPE',null,'§14-9 Stønadsperioden');

INSERT INTO KODELISTE_NAVN_I18N (ID,KL_KODEVERK,KL_KODE,SPRAK,NAVN)
VALUES (SEQ_KODELISTE_NAVN_I18N.NEXTVAL,'HENDELSE_TYPE','STONADSPERIODEN_TYPE','NB','§14-9 Stønadsperioden');

INSERT INTO KODELISTE (ID,KODEVERK,KODE,OFFISIELL_KODE,BESKRIVELSE)
VALUES (seq_kodeliste.nextval,'HENDELSE_TYPE','UTTAK_GENERELT_TYPE',null,'§14-10 Generelt om uttak');

INSERT INTO KODELISTE_NAVN_I18N (ID,KL_KODEVERK,KL_KODE,SPRAK,NAVN)
VALUES (SEQ_KODELISTE_NAVN_I18N.NEXTVAL,'HENDELSE_TYPE','UTTAK_GENERELT_TYPE','NB','§14-10 Generelt om uttak');

INSERT INTO KODELISTE (ID,KODEVERK,KODE,OFFISIELL_KODE,BESKRIVELSE)
VALUES (seq_kodeliste.nextval,'HENDELSE_TYPE','UTTAK_UTSETTELSE_TYPE',null,'§14-11 Utsettelse av uttak');

INSERT INTO KODELISTE_NAVN_I18N (ID,KL_KODEVERK,KL_KODE,SPRAK,NAVN)
VALUES (SEQ_KODELISTE_NAVN_I18N.NEXTVAL,'HENDELSE_TYPE','UTTAK_UTSETTELSE_TYPE','NB','§14-11 Utsettelse av uttak');

INSERT INTO KODELISTE (ID,KODEVERK,KODE,OFFISIELL_KODE,BESKRIVELSE)
VALUES (seq_kodeliste.nextval,'HENDELSE_TYPE','UTTAK_KVOTENE_TYPE',null,'§14-12 Uttak av kvotene');

INSERT INTO KODELISTE_NAVN_I18N (ID,KL_KODEVERK,KL_KODE,SPRAK,NAVN)
VALUES (SEQ_KODELISTE_NAVN_I18N.NEXTVAL,'HENDELSE_TYPE','UTTAK_KVOTENE_TYPE','NB','§14-12 Uttak av kvotene');

INSERT INTO KODELISTE (ID,KODEVERK,KODE,OFFISIELL_KODE,BESKRIVELSE)
VALUES (seq_kodeliste.nextval,'HENDELSE_TYPE','VILKAAR_GENERELLE_TYPE',null,'§14-13 Generelle vilkår for fars uttak');

INSERT INTO KODELISTE_NAVN_I18N (ID,KL_KODEVERK,KL_KODE,SPRAK,NAVN)
VALUES (SEQ_KODELISTE_NAVN_I18N.NEXTVAL,'HENDELSE_TYPE','VILKAAR_GENERELLE_TYPE','NB','§14-13 Generelle vilkår for fars uttak');

INSERT INTO KODELISTE (ID,KODEVERK,KODE,OFFISIELL_KODE,BESKRIVELSE)
VALUES (seq_kodeliste.nextval,'HENDELSE_TYPE','KUN_RETT_TYPE',null,'§14-14 Kun far/medmor rett');

INSERT INTO KODELISTE_NAVN_I18N (ID,KL_KODEVERK,KL_KODE,SPRAK,NAVN)
VALUES (SEQ_KODELISTE_NAVN_I18N.NEXTVAL,'HENDELSE_TYPE','KUN_RETT_TYPE','NB','§14-14 Kun far/medmor rett');

INSERT INTO KODELISTE (ID,KODEVERK,KODE,OFFISIELL_KODE,BESKRIVELSE)
VALUES (seq_kodeliste.nextval,'HENDELSE_TYPE','UTTAK_ALENEOMSORG_TYPE',null,'§14-15 Uttak ved aleneomsorg/samlivsbrudd');

INSERT INTO KODELISTE_NAVN_I18N (ID,KL_KODEVERK,KL_KODE,SPRAK,NAVN)
VALUES (SEQ_KODELISTE_NAVN_I18N.NEXTVAL,'HENDELSE_TYPE','UTTAK_ALENEOMSORG_TYPE','NB','§14-15 Uttak ved aleneomsorg/samlivsbrudd');

INSERT INTO KODELISTE (ID,KODEVERK,KODE,OFFISIELL_KODE,BESKRIVELSE)
VALUES (seq_kodeliste.nextval,'HENDELSE_TYPE','UTTAK_GRADERT_TYPE',null,'§14-16 Gradert uttak');

INSERT INTO KODELISTE_NAVN_I18N (ID,KL_KODEVERK,KL_KODE,SPRAK,NAVN)
VALUES (SEQ_KODELISTE_NAVN_I18N.NEXTVAL,'HENDELSE_TYPE','UTTAK_GRADERT_TYPE','NB','§14-16 Gradert uttak');

INSERT INTO KODELISTE (ID,KODEVERK,KODE,OFFISIELL_KODE,BESKRIVELSE)
VALUES (seq_kodeliste.nextval,'HENDELSE_TYPE','FP_ANNET_HENDELSE_TYPE',null,'Annet');

INSERT INTO KODELISTE_NAVN_I18N (ID,KL_KODEVERK,KL_KODE,SPRAK,NAVN)
VALUES (SEQ_KODELISTE_NAVN_I18N.NEXTVAL,'HENDELSE_TYPE','FP_ANNET_HENDELSE_TYPE','NB','Annet');

--kodeliste_relasjon mellom ytelese type og kodeverk(årsak)
INSERT INTO KODELISTE_RELASJON (ID,KODEVERK1,KODE1,KODEVERK2,KODE2)
VALUES (SEQ_KODELISTE_RELASJON.NEXTVAL,'FAGSAK_YTELSE','FP','HENDELSE_TYPE','MEDLEMSKAP_TYPE');

INSERT INTO KODELISTE_RELASJON (ID,KODEVERK1,KODE1,KODEVERK2,KODE2)
VALUES (SEQ_KODELISTE_RELASJON.NEXTVAL,'FAGSAK_YTELSE','FP','HENDELSE_TYPE','OPPTJENING_TYPE');

INSERT INTO KODELISTE_RELASJON (ID,KODEVERK1,KODE1,KODEVERK2,KODE2)
VALUES (SEQ_KODELISTE_RELASJON.NEXTVAL,'FAGSAK_YTELSE','FP','HENDELSE_TYPE','BEREGNING_TYPE');

INSERT INTO KODELISTE_RELASJON (ID,KODEVERK1,KODE1,KODEVERK2,KODE2)
VALUES (SEQ_KODELISTE_RELASJON.NEXTVAL,'FAGSAK_YTELSE','FP','HENDELSE_TYPE','STONADSPERIODEN_TYPE');

INSERT INTO KODELISTE_RELASJON (ID,KODEVERK1,KODE1,KODEVERK2,KODE2)
VALUES (SEQ_KODELISTE_RELASJON.NEXTVAL,'FAGSAK_YTELSE','FP','HENDELSE_TYPE','UTTAK_GENERELT_TYPE');

INSERT INTO KODELISTE_RELASJON (ID,KODEVERK1,KODE1,KODEVERK2,KODE2)
VALUES (SEQ_KODELISTE_RELASJON.NEXTVAL,'FAGSAK_YTELSE','FP','HENDELSE_TYPE','UTTAK_UTSETTELSE_TYPE');

INSERT INTO KODELISTE_RELASJON (ID,KODEVERK1,KODE1,KODEVERK2,KODE2)
VALUES (SEQ_KODELISTE_RELASJON.NEXTVAL,'FAGSAK_YTELSE','FP','HENDELSE_TYPE','UTTAK_KVOTENE_TYPE');

INSERT INTO KODELISTE_RELASJON (ID,KODEVERK1,KODE1,KODEVERK2,KODE2)
VALUES (SEQ_KODELISTE_RELASJON.NEXTVAL,'FAGSAK_YTELSE','FP','HENDELSE_TYPE','VILKAAR_GENERELLE_TYPE');

INSERT INTO KODELISTE_RELASJON (ID,KODEVERK1,KODE1,KODEVERK2,KODE2)
VALUES (SEQ_KODELISTE_RELASJON.NEXTVAL,'FAGSAK_YTELSE','FP','HENDELSE_TYPE','KUN_RETT_TYPE');

INSERT INTO KODELISTE_RELASJON (ID,KODEVERK1,KODE1,KODEVERK2,KODE2)
VALUES (SEQ_KODELISTE_RELASJON.NEXTVAL,'FAGSAK_YTELSE','FP','HENDELSE_TYPE','UTTAK_ALENEOMSORG_TYPE');

INSERT INTO KODELISTE_RELASJON (ID,KODEVERK1,KODE1,KODEVERK2,KODE2)
VALUES (SEQ_KODELISTE_RELASJON.NEXTVAL,'FAGSAK_YTELSE','FP','HENDELSE_TYPE','UTTAK_GRADERT_TYPE');

INSERT INTO KODELISTE_RELASJON (ID,KODEVERK1,KODE1,KODEVERK2,KODE2)
VALUES (SEQ_KODELISTE_RELASJON.NEXTVAL,'FAGSAK_YTELSE','FP','HENDELSE_TYPE','FP_ANNET_HENDELSE_TYPE');

--underÅrsak
--koderverk

--kodeliste og kodeliste_navn_i18n
INSERT INTO KODELISTE (ID,KODEVERK,KODE,OFFISIELL_KODE,BESKRIVELSE)
VALUES (seq_kodeliste.nextval,'HENDELSE_UNDERTYPE','UTVANDRET',null,'Utvandret medlemskap');

INSERT INTO KODELISTE_NAVN_I18N (ID,KL_KODEVERK,KL_KODE,SPRAK,NAVN)
VALUES (SEQ_KODELISTE_NAVN_I18N.NEXTVAL,'HENDELSE_UNDERTYPE','UTVANDRET','NB','Utvandret');

INSERT INTO KODELISTE (ID,KODEVERK,KODE,OFFISIELL_KODE,BESKRIVELSE)
VALUES (seq_kodeliste.nextval,'HENDELSE_UNDERTYPE','IKKE_OPPHOLDSTILLATLSE',null,'Ikke oppholdstillatlse');

INSERT INTO KODELISTE_NAVN_I18N (ID,KL_KODEVERK,KL_KODE,SPRAK,NAVN)
VALUES (SEQ_KODELISTE_NAVN_I18N.NEXTVAL,'HENDELSE_UNDERTYPE','IKKE_OPPHOLDSTILLATLSE','NB','Ikke oppholdstillatlse');

INSERT INTO KODELISTE (ID,KODEVERK,KODE,OFFISIELL_KODE,BESKRIVELSE)
VALUES (seq_kodeliste.nextval,'HENDELSE_UNDERTYPE','MEDLEM_I_ANNET_LAND',null,'Medlem i et annet land');

INSERT INTO KODELISTE_NAVN_I18N (ID,KL_KODEVERK,KL_KODE,SPRAK,NAVN)
VALUES (SEQ_KODELISTE_NAVN_I18N.NEXTVAL,'HENDELSE_UNDERTYPE','MEDLEM_I_ANNET_LAND','NB','Medlem i et annet land');

INSERT INTO KODELISTE (ID,KODEVERK,KODE,OFFISIELL_KODE,BESKRIVELSE)
VALUES (seq_kodeliste.nextval,'HENDELSE_UNDERTYPE','IKKE_JOBBET',null,'Ikke jobbet/familie');

INSERT INTO KODELISTE_NAVN_I18N (ID,KL_KODEVERK,KL_KODE,SPRAK,NAVN)
VALUES (SEQ_KODELISTE_NAVN_I18N.NEXTVAL,'HENDELSE_UNDERTYPE','IKKE_JOBBET','NB','Ikke jobbet eller har familie');

INSERT INTO KODELISTE (ID,KODEVERK,KODE,OFFISIELL_KODE,BESKRIVELSE)
VALUES (seq_kodeliste.nextval,'HENDELSE_UNDERTYPE','MER_OPPHOLD',null,'Mer opphold');

INSERT INTO KODELISTE_NAVN_I18N (ID,KL_KODEVERK,KL_KODE,SPRAK,NAVN)
VALUES (SEQ_KODELISTE_NAVN_I18N.NEXTVAL,'HENDELSE_UNDERTYPE','MER_OPPHOLD','NB','Mer opphold i utlandet enn i Norge');

INSERT INTO KODELISTE (ID,KODEVERK,KODE,OFFISIELL_KODE,BESKRIVELSE)
VALUES (seq_kodeliste.nextval,'HENDELSE_UNDERTYPE','IKKE_INNTEKT',null,'Ikke inntekt');

INSERT INTO KODELISTE_NAVN_I18N (ID,KL_KODEVERK,KL_KODE,SPRAK,NAVN)
VALUES (SEQ_KODELISTE_NAVN_I18N.NEXTVAL,'HENDELSE_UNDERTYPE','IKKE_INNTEKT','NB','Ikke inntekt 6 av siste 10 måneder');

INSERT INTO KODELISTE (ID,KODEVERK,KODE,OFFISIELL_KODE,BESKRIVELSE)
VALUES (seq_kodeliste.nextval,'HENDELSE_UNDERTYPE','IKKE_YRKESAKTIV',null,'Ikke yrkesaktiv');

INSERT INTO KODELISTE_NAVN_I18N (ID,KL_KODEVERK,KL_KODE,SPRAK,NAVN)
VALUES (SEQ_KODELISTE_NAVN_I18N.NEXTVAL,'HENDELSE_UNDERTYPE','IKKE_YRKESAKTIV','NB','Ikke yrkesaktiv med pensjonsgivende inntekt');

INSERT INTO KODELISTE (ID,KODEVERK,KODE,OFFISIELL_KODE,BESKRIVELSE)
VALUES (seq_kodeliste.nextval,'HENDELSE_UNDERTYPE','ENDRING_GRUNNLAG',null,'Endring i selve grunnlaget');

INSERT INTO KODELISTE_NAVN_I18N (ID,KL_KODEVERK,KL_KODE,SPRAK,NAVN)
VALUES (SEQ_KODELISTE_NAVN_I18N.NEXTVAL,'HENDELSE_UNDERTYPE','ENDRING_GRUNNLAG','NB','Endring i selve grunnlaget');

INSERT INTO KODELISTE (ID,KODEVERK,KODE,OFFISIELL_KODE,BESKRIVELSE)
VALUES (seq_kodeliste.nextval,'HENDELSE_UNDERTYPE','INNTEKT_UNDER',null,'Inntekt under 1/2 G');

INSERT INTO KODELISTE_NAVN_I18N (ID,KL_KODEVERK,KL_KODE,SPRAK,NAVN)
VALUES (SEQ_KODELISTE_NAVN_I18N.NEXTVAL,'HENDELSE_UNDERTYPE','INNTEKT_UNDER','NB','Inntekt under 1/2 G');

INSERT INTO KODELISTE (ID,KODEVERK,KODE,OFFISIELL_KODE,BESKRIVELSE)
VALUES (seq_kodeliste.nextval,'HENDELSE_UNDERTYPE','ENDRET_DEKNINGSGRAD',null,'Endret dekningsgrad');

INSERT INTO KODELISTE_NAVN_I18N (ID,KL_KODEVERK,KL_KODE,SPRAK,NAVN)
VALUES (SEQ_KODELISTE_NAVN_I18N.NEXTVAL,'HENDELSE_UNDERTYPE','ENDRET_DEKNINGSGRAD','NB','Endret dekningsgrad');

INSERT INTO KODELISTE (ID,KODEVERK,KODE,OFFISIELL_KODE,BESKRIVELSE)
VALUES (seq_kodeliste.nextval,'HENDELSE_UNDERTYPE','FEIL_FLERBARNSDAGER',null,'Feil i flerbarnsdager');

INSERT INTO KODELISTE_NAVN_I18N (ID,KL_KODEVERK,KL_KODE,SPRAK,NAVN)
VALUES (SEQ_KODELISTE_NAVN_I18N.NEXTVAL,'HENDELSE_UNDERTYPE','FEIL_FLERBARNSDAGER','NB','Feil i flerbarnsdager');

INSERT INTO KODELISTE (ID,KODEVERK,KODE,OFFISIELL_KODE,BESKRIVELSE)
VALUES (seq_kodeliste.nextval,'HENDELSE_UNDERTYPE','OPPHOR_BARN_DOD',null,'Opphør barn død');

INSERT INTO KODELISTE_NAVN_I18N (ID,KL_KODEVERK,KL_KODE,SPRAK,NAVN)
VALUES (SEQ_KODELISTE_NAVN_I18N.NEXTVAL,'HENDELSE_UNDERTYPE','OPPHOR_BARN_DOD','NB','Opphør barn død');

INSERT INTO KODELISTE (ID,KODEVERK,KODE,OFFISIELL_KODE,BESKRIVELSE)
VALUES (seq_kodeliste.nextval,'HENDELSE_UNDERTYPE','OPPHOR_MOTTAKER_DOD',null,'Opphør mottaker død');

INSERT INTO KODELISTE_NAVN_I18N (ID,KL_KODEVERK,KL_KODE,SPRAK,NAVN)
VALUES (SEQ_KODELISTE_NAVN_I18N.NEXTVAL,'HENDELSE_UNDERTYPE','OPPHOR_MOTTAKER_DOD','NB','Opphør mottaker død');

INSERT INTO KODELISTE (ID,KODEVERK,KODE,OFFISIELL_KODE,BESKRIVELSE)
VALUES (seq_kodeliste.nextval,'HENDELSE_UNDERTYPE','STONADSPERIODE_OVER_3',null,'Stønadsperiode over 3 år');

INSERT INTO KODELISTE_NAVN_I18N (ID,KL_KODEVERK,KL_KODE,SPRAK,NAVN)
VALUES (SEQ_KODELISTE_NAVN_I18N.NEXTVAL,'HENDELSE_UNDERTYPE','STONADSPERIODE_OVER_3','NB','Stønadsperiode over 3 år');

INSERT INTO KODELISTE (ID,KODEVERK,KODE,OFFISIELL_KODE,BESKRIVELSE)
VALUES (seq_kodeliste.nextval,'HENDELSE_UNDERTYPE','NY_STONADSPERIODE',null,'Ny stønadsperiode for nytt barn');

INSERT INTO KODELISTE_NAVN_I18N (ID,KL_KODEVERK,KL_KODE,SPRAK,NAVN)
VALUES (SEQ_KODELISTE_NAVN_I18N.NEXTVAL,'HENDELSE_UNDERTYPE','NY_STONADSPERIODE','NB','Ny stønadsperiode for nytt barn');

INSERT INTO KODELISTE (ID,KODEVERK,KODE,OFFISIELL_KODE,BESKRIVELSE)
VALUES (seq_kodeliste.nextval,'HENDELSE_UNDERTYPE','IKKE_OMSORG',null,'Ikke omsorg for barnet');

INSERT INTO KODELISTE_NAVN_I18N (ID,KL_KODEVERK,KL_KODE,SPRAK,NAVN)
VALUES (SEQ_KODELISTE_NAVN_I18N.NEXTVAL,'HENDELSE_UNDERTYPE','IKKE_OMSORG','NB','Ikke omsorg for barnet');

INSERT INTO KODELISTE (ID,KODEVERK,KODE,OFFISIELL_KODE,BESKRIVELSE)
VALUES (seq_kodeliste.nextval,'HENDELSE_UNDERTYPE','MOTTAKER_I_ARBEID',null,'Mottaker i arbeid heltid');

INSERT INTO KODELISTE_NAVN_I18N (ID,KL_KODEVERK,KL_KODE,SPRAK,NAVN)
VALUES (SEQ_KODELISTE_NAVN_I18N.NEXTVAL,'HENDELSE_UNDERTYPE','MOTTAKER_I_ARBEID','NB','Mottaker i arbeid heltid');

INSERT INTO KODELISTE (ID,KODEVERK,KODE,OFFISIELL_KODE,BESKRIVELSE)
VALUES (seq_kodeliste.nextval,'HENDELSE_UNDERTYPE','FORELDRES_UTTAK',null,'Foreldres samtidig uttak');

INSERT INTO KODELISTE_NAVN_I18N (ID,KL_KODEVERK,KL_KODE,SPRAK,NAVN)
VALUES (SEQ_KODELISTE_NAVN_I18N.NEXTVAL,'HENDELSE_UNDERTYPE','FORELDRES_UTTAK','NB','Foreldres samtidig uttak');

INSERT INTO KODELISTE (ID,KODEVERK,KODE,OFFISIELL_KODE,BESKRIVELSE)
VALUES (seq_kodeliste.nextval,'HENDELSE_UNDERTYPE','STONADSPERIODE_MANGEL',null,'Manglende stønadsperiode');

INSERT INTO KODELISTE_NAVN_I18N (ID,KL_KODEVERK,KL_KODE,SPRAK,NAVN)
VALUES (SEQ_KODELISTE_NAVN_I18N.NEXTVAL,'HENDELSE_UNDERTYPE','STONADSPERIODE_MANGEL','NB','Manglende stønadsperiode');

INSERT INTO KODELISTE (ID,KODEVERK,KODE,OFFISIELL_KODE,BESKRIVELSE)
VALUES (seq_kodeliste.nextval,'HENDELSE_UNDERTYPE','LOVBESTEMT_FERIE',null,'Lovbestemt ferie');

INSERT INTO KODELISTE_NAVN_I18N (ID,KL_KODEVERK,KL_KODE,SPRAK,NAVN)
VALUES (SEQ_KODELISTE_NAVN_I18N.NEXTVAL,'HENDELSE_UNDERTYPE','LOVBESTEMT_FERIE','NB','Lovbestemt ferie');

INSERT INTO KODELISTE (ID,KODEVERK,KODE,OFFISIELL_KODE,BESKRIVELSE)
VALUES (seq_kodeliste.nextval,'HENDELSE_UNDERTYPE','ARBEID_HELTID',null,'Arbeid heltid');

INSERT INTO KODELISTE_NAVN_I18N (ID,KL_KODEVERK,KL_KODE,SPRAK,NAVN)
VALUES (SEQ_KODELISTE_NAVN_I18N.NEXTVAL,'HENDELSE_UNDERTYPE','ARBEID_HELTID','NB','Arbeid heltid');

INSERT INTO KODELISTE (ID,KODEVERK,KODE,OFFISIELL_KODE,BESKRIVELSE)
VALUES (seq_kodeliste.nextval,'HENDELSE_UNDERTYPE','MOTTAKER_HELT_AVHENGIG',null,'Mottaker helt avhenig av hjelp til å ta seg av barnet');

INSERT INTO KODELISTE_NAVN_I18N (ID,KL_KODEVERK,KL_KODE,SPRAK,NAVN)
VALUES (SEQ_KODELISTE_NAVN_I18N.NEXTVAL,'HENDELSE_UNDERTYPE','MOTTAKER_HELT_AVHENGIG','NB','Mottaker helt avhenig av hjelp til å ta seg av barnet');

INSERT INTO KODELISTE (ID,KODEVERK,KODE,OFFISIELL_KODE,BESKRIVELSE)
VALUES (seq_kodeliste.nextval,'HENDELSE_UNDERTYPE','MOTTAKER_INNLAGT',null,'Mottaker innlagt i helseinstitusjon');

INSERT INTO KODELISTE_NAVN_I18N (ID,KL_KODEVERK,KL_KODE,SPRAK,NAVN)
VALUES (SEQ_KODELISTE_NAVN_I18N.NEXTVAL,'HENDELSE_UNDERTYPE','MOTTAKER_INNLAGT','NB','Mottaker innlagt i helseinstitusjon');

INSERT INTO KODELISTE (ID,KODEVERK,KODE,OFFISIELL_KODE,BESKRIVELSE)
VALUES (seq_kodeliste.nextval,'HENDELSE_UNDERTYPE','BARN_INNLAGT',null,'Barn innlagt i helseinstitusjon');

INSERT INTO KODELISTE_NAVN_I18N (ID,KL_KODEVERK,KL_KODE,SPRAK,NAVN)
VALUES (SEQ_KODELISTE_NAVN_I18N.NEXTVAL,'HENDELSE_UNDERTYPE','BARN_INNLAGT','NB','Barn innlagt i helseinstitusjon');

INSERT INTO KODELISTE (ID,KODEVERK,KODE,OFFISIELL_KODE,BESKRIVELSE)
VALUES (seq_kodeliste.nextval,'HENDELSE_UNDERTYPE','KVO_MOTTAKER_HELT_AVHENGIG',null,'Mottaker helt avhenig av hjelp til å ta seg av barnet');

INSERT INTO KODELISTE_NAVN_I18N (ID,KL_KODEVERK,KL_KODE,SPRAK,NAVN)
VALUES (SEQ_KODELISTE_NAVN_I18N.NEXTVAL,'HENDELSE_UNDERTYPE','KVO_MOTTAKER_HELT_AVHENGIG','NB','Mottaker helt avhenig av hjelp til å ta seg av barnet');

INSERT INTO KODELISTE (ID,KODEVERK,KODE,OFFISIELL_KODE,BESKRIVELSE)
VALUES (seq_kodeliste.nextval,'HENDELSE_UNDERTYPE','KVO_MOTTAKER_INNLAGT',null,'Mottaker innlagt i helseinstitusjon');

INSERT INTO KODELISTE_NAVN_I18N (ID,KL_KODEVERK,KL_KODE,SPRAK,NAVN)
VALUES (SEQ_KODELISTE_NAVN_I18N.NEXTVAL,'HENDELSE_UNDERTYPE','KVO_MOTTAKER_INNLAGT','NB','Mottaker innlagt i helseinstitusjon');

INSERT INTO KODELISTE (ID,KODEVERK,KODE,OFFISIELL_KODE,BESKRIVELSE)
VALUES (seq_kodeliste.nextval,'HENDELSE_UNDERTYPE','MOR_IKKE_ARBEID',null,'Mor ikke arbeidet heltid');

INSERT INTO KODELISTE_NAVN_I18N (ID,KL_KODEVERK,KL_KODE,SPRAK,NAVN)
VALUES (SEQ_KODELISTE_NAVN_I18N.NEXTVAL,'HENDELSE_UNDERTYPE','MOR_IKKE_ARBEID','NB','Mor ikke arbeidet heltid');

INSERT INTO KODELISTE (ID,KODEVERK,KODE,OFFISIELL_KODE,BESKRIVELSE)
VALUES (seq_kodeliste.nextval,'HENDELSE_UNDERTYPE','MOR_IKKE_STUDERT',null,'Mor ikke studert heltid');

INSERT INTO KODELISTE_NAVN_I18N (ID,KL_KODEVERK,KL_KODE,SPRAK,NAVN)
VALUES (SEQ_KODELISTE_NAVN_I18N.NEXTVAL,'HENDELSE_UNDERTYPE','MOR_IKKE_STUDERT','NB','Mor ikke studert heltid');

INSERT INTO KODELISTE (ID,KODEVERK,KODE,OFFISIELL_KODE,BESKRIVELSE)
VALUES (seq_kodeliste.nextval,'HENDELSE_UNDERTYPE','MOR_IKKE_ARBEID_OG_STUDER',null,'Mor ikke arbeid og studier - heltid');

INSERT INTO KODELISTE_NAVN_I18N (ID,KL_KODEVERK,KL_KODE,SPRAK,NAVN)
VALUES (SEQ_KODELISTE_NAVN_I18N.NEXTVAL,'HENDELSE_UNDERTYPE','MOR_IKKE_ARBEID_OG_STUDER','NB','Mor ikke arbeid og studier - heltid');

INSERT INTO KODELISTE (ID,KODEVERK,KODE,OFFISIELL_KODE,BESKRIVELSE)
VALUES (seq_kodeliste.nextval,'HENDELSE_UNDERTYPE','MOR_IKKE_HELT_AVHENGIG',null,'Mor ikke helt avhengig av hjelp til å ta seg av barnet');

INSERT INTO KODELISTE_NAVN_I18N (ID,KL_KODEVERK,KL_KODE,SPRAK,NAVN)
VALUES (SEQ_KODELISTE_NAVN_I18N.NEXTVAL,'HENDELSE_UNDERTYPE','MOR_IKKE_HELT_AVHENGIG','NB','Mor ikke helt avhengig av hjelp til å ta seg av barnet');

INSERT INTO KODELISTE (ID,KODEVERK,KODE,OFFISIELL_KODE,BESKRIVELSE)
VALUES (seq_kodeliste.nextval,'HENDELSE_UNDERTYPE','MOR_IKKE_INNLAGT',null,'Mor ikke innlagt helseinstitusjon');

INSERT INTO KODELISTE_NAVN_I18N (ID,KL_KODEVERK,KL_KODE,SPRAK,NAVN)
VALUES (SEQ_KODELISTE_NAVN_I18N.NEXTVAL,'HENDELSE_UNDERTYPE','MOR_IKKE_INNLAGT','NB','Mor ikke innlagt helseinstitusjon');

INSERT INTO KODELISTE (ID,KODEVERK,KODE,OFFISIELL_KODE,BESKRIVELSE)
VALUES (seq_kodeliste.nextval,'HENDELSE_UNDERTYPE','MOR_IKKE_I_IP',null,'Mor ikke i introduksjonsprogram');

INSERT INTO KODELISTE_NAVN_I18N (ID,KL_KODEVERK,KL_KODE,SPRAK,NAVN)
VALUES (SEQ_KODELISTE_NAVN_I18N.NEXTVAL,'HENDELSE_UNDERTYPE','MOR_IKKE_I_IP','NB','Mor ikke i introduksjonsprogram');

INSERT INTO KODELISTE (ID,KODEVERK,KODE,OFFISIELL_KODE,BESKRIVELSE)
VALUES (seq_kodeliste.nextval,'HENDELSE_UNDERTYPE','MOR_IKKE_I_KP',null,'Mor ikke i kvalifiseringsprogram');

INSERT INTO KODELISTE_NAVN_I18N (ID,KL_KODEVERK,KL_KODE,SPRAK,NAVN)
VALUES (SEQ_KODELISTE_NAVN_I18N.NEXTVAL,'HENDELSE_UNDERTYPE','MOR_IKKE_I_KP','NB','Mor ikke i kvalifiseringsprogram');

INSERT INTO KODELISTE (ID,KODEVERK,KODE,OFFISIELL_KODE,BESKRIVELSE)
VALUES (seq_kodeliste.nextval,'HENDELSE_UNDERTYPE','FEIL_I_ANTALL_DAGER',null,'Feil i antall dager');

INSERT INTO KODELISTE_NAVN_I18N (ID,KL_KODEVERK,KL_KODE,SPRAK,NAVN)
VALUES (SEQ_KODELISTE_NAVN_I18N.NEXTVAL,'HENDELSE_UNDERTYPE','FEIL_I_ANTALL_DAGER','NB','Feil i antall dager');

INSERT INTO KODELISTE (ID,KODEVERK,KODE,OFFISIELL_KODE,BESKRIVELSE)
VALUES (seq_kodeliste.nextval,'HENDELSE_UNDERTYPE','IKKE_ALENEOMSORG',null,'Ikke aleneomsorg');

INSERT INTO KODELISTE_NAVN_I18N (ID,KL_KODEVERK,KL_KODE,SPRAK,NAVN)
VALUES (SEQ_KODELISTE_NAVN_I18N.NEXTVAL,'HENDELSE_UNDERTYPE','IKKE_ALENEOMSORG','NB','Ikke aleneomsorg');

INSERT INTO KODELISTE (ID,KODEVERK,KODE,OFFISIELL_KODE,BESKRIVELSE)
VALUES (seq_kodeliste.nextval,'HENDELSE_UNDERTYPE','GRADERT_UTTAK',null,'Gradert uttak');

INSERT INTO KODELISTE_NAVN_I18N (ID,KL_KODEVERK,KL_KODE,SPRAK,NAVN)
VALUES (SEQ_KODELISTE_NAVN_I18N.NEXTVAL,'HENDELSE_UNDERTYPE','GRADERT_UTTAK','NB','Gradert uttak');

INSERT INTO KODELISTE (ID,KODEVERK,KODE,OFFISIELL_KODE,BESKRIVELSE)
VALUES (seq_kodeliste.nextval,'HENDELSE_UNDERTYPE','OKONOMI_DOBBELUTBETALING',null,'Feil i økonomi - dobbeltutbetaling');

INSERT INTO KODELISTE_NAVN_I18N (ID,KL_KODEVERK,KL_KODE,SPRAK,NAVN)
VALUES (SEQ_KODELISTE_NAVN_I18N.NEXTVAL,'HENDELSE_UNDERTYPE','OKONOMI_DOBBELUTBETALING','NB','Feil i økonomi - dobbeltutbetaling');

INSERT INTO KODELISTE (ID,KODEVERK,KODE,OFFISIELL_KODE,BESKRIVELSE)
VALUES (seq_kodeliste.nextval,'HENDELSE_UNDERTYPE','OKONOMI_UTBETALT',null,'Feil i økonomi - utbetalt for mye');

INSERT INTO KODELISTE_NAVN_I18N (ID,KL_KODEVERK,KL_KODE,SPRAK,NAVN)
VALUES (SEQ_KODELISTE_NAVN_I18N.NEXTVAL,'HENDELSE_UNDERTYPE','OKONOMI_UTBETALT','NB','Feil i økonomi - utbetalt for mye');

INSERT INTO KODELISTE (ID,KODEVERK,KODE,OFFISIELL_KODE,BESKRIVELSE)
VALUES (seq_kodeliste.nextval,'HENDELSE_UNDERTYPE','OKONOMI_FEIL_TREKK',null,'Feil i økonomi - feil trekk');

INSERT INTO KODELISTE_NAVN_I18N (ID,KL_KODEVERK,KL_KODE,SPRAK,NAVN)
VALUES (SEQ_KODELISTE_NAVN_I18N.NEXTVAL,'HENDELSE_UNDERTYPE','OKONOMI_FEIL_TREKK','NB','Feil i økonomi - feil trekk');

INSERT INTO KODELISTE (ID,KODEVERK,KODE,OFFISIELL_KODE,BESKRIVELSE)
VALUES (seq_kodeliste.nextval,'HENDELSE_UNDERTYPE','ANNET_FRITEKST',null,'Annet - fritekst');

INSERT INTO KODELISTE_NAVN_I18N (ID,KL_KODEVERK,KL_KODE,SPRAK,NAVN)
VALUES (SEQ_KODELISTE_NAVN_I18N.NEXTVAL,'HENDELSE_UNDERTYPE','ANNET_FRITEKST','NB','Annet - fritekst');

--kodeliste_relasjon
INSERT INTO KODELISTE_RELASJON (ID,KODEVERK1,KODE1,KODEVERK2,KODE2)
VALUES (SEQ_KODELISTE_RELASJON.NEXTVAL,'HENDELSE_TYPE','MEDLEMSKAP_TYPE','HENDELSE_UNDERTYPE','UTVANDRET');

INSERT INTO KODELISTE_RELASJON (ID,KODEVERK1,KODE1,KODEVERK2,KODE2)
VALUES (SEQ_KODELISTE_RELASJON.NEXTVAL,'HENDELSE_TYPE','MEDLEMSKAP_TYPE','HENDELSE_UNDERTYPE','IKKE_OPPHOLDSTILLATLSE');

INSERT INTO KODELISTE_RELASJON (ID,KODEVERK1,KODE1,KODEVERK2,KODE2)
VALUES (SEQ_KODELISTE_RELASJON.NEXTVAL,'HENDELSE_TYPE','MEDLEMSKAP_TYPE','HENDELSE_UNDERTYPE','MEDLEM_I_ANNET_LAND');

INSERT INTO KODELISTE_RELASJON (ID,KODEVERK1,KODE1,KODEVERK2,KODE2)
VALUES (SEQ_KODELISTE_RELASJON.NEXTVAL,'HENDELSE_TYPE','MEDLEMSKAP_TYPE','HENDELSE_UNDERTYPE','IKKE_JOBBET');

INSERT INTO KODELISTE_RELASJON (ID,KODEVERK1,KODE1,KODEVERK2,KODE2)
VALUES (SEQ_KODELISTE_RELASJON.NEXTVAL,'HENDELSE_TYPE','MEDLEMSKAP_TYPE','HENDELSE_UNDERTYPE','MER_OPPHOLD');

INSERT INTO KODELISTE_RELASJON (ID,KODEVERK1,KODE1,KODEVERK2,KODE2)
VALUES (SEQ_KODELISTE_RELASJON.NEXTVAL,'HENDELSE_TYPE','OPPTJENING_TYPE','HENDELSE_UNDERTYPE','IKKE_INNTEKT');

INSERT INTO KODELISTE_RELASJON (ID,KODEVERK1,KODE1,KODEVERK2,KODE2)
VALUES (SEQ_KODELISTE_RELASJON.NEXTVAL,'HENDELSE_TYPE','OPPTJENING_TYPE','HENDELSE_UNDERTYPE','IKKE_YRKESAKTIV');

INSERT INTO KODELISTE_RELASJON (ID,KODEVERK1,KODE1,KODEVERK2,KODE2)
VALUES (SEQ_KODELISTE_RELASJON.NEXTVAL,'HENDELSE_TYPE','BEREGNING_TYPE','HENDELSE_UNDERTYPE','ENDRING_GRUNNLAG');

INSERT INTO KODELISTE_RELASJON (ID,KODEVERK1,KODE1,KODEVERK2,KODE2)
VALUES (SEQ_KODELISTE_RELASJON.NEXTVAL,'HENDELSE_TYPE','BEREGNING_TYPE','HENDELSE_UNDERTYPE','INNTEKT_UNDER');

INSERT INTO KODELISTE_RELASJON (ID,KODEVERK1,KODE1,KODEVERK2,KODE2)
VALUES (SEQ_KODELISTE_RELASJON.NEXTVAL,'HENDELSE_TYPE','STONADSPERIODEN_TYPE','HENDELSE_UNDERTYPE','ENDRET_DEKNINGSGRAD');

INSERT INTO KODELISTE_RELASJON (ID,KODEVERK1,KODE1,KODEVERK2,KODE2)
VALUES (SEQ_KODELISTE_RELASJON.NEXTVAL,'HENDELSE_TYPE','STONADSPERIODEN_TYPE','HENDELSE_UNDERTYPE','FEIL_FLERBARNSDAGER');

INSERT INTO KODELISTE_RELASJON (ID,KODEVERK1,KODE1,KODEVERK2,KODE2)
VALUES (SEQ_KODELISTE_RELASJON.NEXTVAL,'HENDELSE_TYPE','STONADSPERIODEN_TYPE','HENDELSE_UNDERTYPE','OPPHOR_BARN_DOD');

INSERT INTO KODELISTE_RELASJON (ID,KODEVERK1,KODE1,KODEVERK2,KODE2)
VALUES (SEQ_KODELISTE_RELASJON.NEXTVAL,'HENDELSE_TYPE','STONADSPERIODEN_TYPE','HENDELSE_UNDERTYPE','OPPHOR_MOTTAKER_DOD');

INSERT INTO KODELISTE_RELASJON (ID,KODEVERK1,KODE1,KODEVERK2,KODE2)
VALUES (SEQ_KODELISTE_RELASJON.NEXTVAL,'HENDELSE_TYPE','UTTAK_GENERELT_TYPE','HENDELSE_UNDERTYPE','STONADSPERIODE_OVER_3');

INSERT INTO KODELISTE_RELASJON (ID,KODEVERK1,KODE1,KODEVERK2,KODE2)
VALUES (SEQ_KODELISTE_RELASJON.NEXTVAL,'HENDELSE_TYPE','UTTAK_GENERELT_TYPE','HENDELSE_UNDERTYPE','NY_STONADSPERIODE');

INSERT INTO KODELISTE_RELASJON (ID,KODEVERK1,KODE1,KODEVERK2,KODE2)
VALUES (SEQ_KODELISTE_RELASJON.NEXTVAL,'HENDELSE_TYPE','UTTAK_GENERELT_TYPE','HENDELSE_UNDERTYPE','IKKE_OMSORG');

INSERT INTO KODELISTE_RELASJON (ID,KODEVERK1,KODE1,KODEVERK2,KODE2)
VALUES (SEQ_KODELISTE_RELASJON.NEXTVAL,'HENDELSE_TYPE','UTTAK_GENERELT_TYPE','HENDELSE_UNDERTYPE','MOTTAKER_I_ARBEID');

INSERT INTO KODELISTE_RELASJON (ID,KODEVERK1,KODE1,KODEVERK2,KODE2)
VALUES (SEQ_KODELISTE_RELASJON.NEXTVAL,'HENDELSE_TYPE','UTTAK_GENERELT_TYPE','HENDELSE_UNDERTYPE','FORELDRES_UTTAK');

INSERT INTO KODELISTE_RELASJON (ID,KODEVERK1,KODE1,KODEVERK2,KODE2)
VALUES (SEQ_KODELISTE_RELASJON.NEXTVAL,'HENDELSE_TYPE','UTTAK_GENERELT_TYPE','HENDELSE_UNDERTYPE','STONADSPERIODE_MANGEL');

INSERT INTO KODELISTE_RELASJON (ID,KODEVERK1,KODE1,KODEVERK2,KODE2)
VALUES (SEQ_KODELISTE_RELASJON.NEXTVAL,'HENDELSE_TYPE','UTTAK_UTSETTELSE_TYPE','HENDELSE_UNDERTYPE','LOVBESTEMT_FERIE');

INSERT INTO KODELISTE_RELASJON (ID,KODEVERK1,KODE1,KODEVERK2,KODE2)
VALUES (SEQ_KODELISTE_RELASJON. NEXTVAL,'HENDELSE_TYPE','UTTAK_UTSETTELSE_TYPE','HENDELSE_UNDERTYPE','ARBEID_HELTID');

INSERT INTO KODELISTE_RELASJON (ID,KODEVERK1,KODE1,KODEVERK2,KODE2)
VALUES (SEQ_KODELISTE_RELASJON. NEXTVAL,'HENDELSE_TYPE','UTTAK_UTSETTELSE_TYPE','HENDELSE_UNDERTYPE','MOTTAKER_HELT_AVHENGIG');

INSERT INTO KODELISTE_RELASJON (ID,KODEVERK1,KODE1,KODEVERK2,KODE2)
VALUES (SEQ_KODELISTE_RELASJON. NEXTVAL,'HENDELSE_TYPE','UTTAK_UTSETTELSE_TYPE','HENDELSE_UNDERTYPE','MOTTAKER_INNLAGT');

INSERT INTO KODELISTE_RELASJON (ID,KODEVERK1,KODE1,KODEVERK2,KODE2)
VALUES (SEQ_KODELISTE_RELASJON. NEXTVAL,'HENDELSE_TYPE','UTTAK_UTSETTELSE_TYPE','HENDELSE_UNDERTYPE','BARN_INNLAGT');

INSERT INTO KODELISTE_RELASJON (ID,KODEVERK1,KODE1,KODEVERK2,KODE2)
VALUES (SEQ_KODELISTE_RELASJON. NEXTVAL,'HENDELSE_TYPE','UTTAK_KVOTENE_TYPE','HENDELSE_UNDERTYPE','KVO_MOTTAKER_HELT_AVHENGIG');

INSERT INTO KODELISTE_RELASJON (ID,KODEVERK1,KODE1,KODEVERK2,KODE2)
VALUES (SEQ_KODELISTE_RELASJON. NEXTVAL,'HENDELSE_TYPE','UTTAK_KVOTENE_TYPE','HENDELSE_UNDERTYPE','KVO_MOTTAKER_INNLAGT');

INSERT INTO KODELISTE_RELASJON (ID,KODEVERK1,KODE1,KODEVERK2,KODE2)
VALUES (SEQ_KODELISTE_RELASJON. NEXTVAL,'HENDELSE_TYPE','VILKAAR_GENERELLE_TYPE','HENDELSE_UNDERTYPE','MOR_IKKE_ARBEID');

INSERT INTO KODELISTE_RELASJON (ID,KODEVERK1,KODE1,KODEVERK2,KODE2)
VALUES (SEQ_KODELISTE_RELASJON. NEXTVAL,'HENDELSE_TYPE','VILKAAR_GENERELLE_TYPE','HENDELSE_UNDERTYPE','MOR_IKKE_STUDERT');

INSERT INTO KODELISTE_RELASJON (ID,KODEVERK1,KODE1,KODEVERK2,KODE2)
VALUES (SEQ_KODELISTE_RELASJON. NEXTVAL,'HENDELSE_TYPE','VILKAAR_GENERELLE_TYPE','HENDELSE_UNDERTYPE','MOR_IKKE_ARBEID_OG_STUDER');

INSERT INTO KODELISTE_RELASJON (ID,KODEVERK1,KODE1,KODEVERK2,KODE2)
VALUES (SEQ_KODELISTE_RELASJON. NEXTVAL,'HENDELSE_TYPE','VILKAAR_GENERELLE_TYPE','HENDELSE_UNDERTYPE','MOR_IKKE_HELT_AVHENGIG');

INSERT INTO KODELISTE_RELASJON (ID,KODEVERK1,KODE1,KODEVERK2,KODE2)
VALUES (SEQ_KODELISTE_RELASJON. NEXTVAL,'HENDELSE_TYPE','VILKAAR_GENERELLE_TYPE','HENDELSE_UNDERTYPE','MOR_IKKE_INNLAGT');

INSERT INTO KODELISTE_RELASJON (ID,KODEVERK1,KODE1,KODEVERK2,KODE2)
VALUES (SEQ_KODELISTE_RELASJON. NEXTVAL,'HENDELSE_TYPE','VILKAAR_GENERELLE_TYPE','HENDELSE_UNDERTYPE','MOR_IKKE_I_IP');

INSERT INTO KODELISTE_RELASJON (ID,KODEVERK1,KODE1,KODEVERK2,KODE2)
VALUES (SEQ_KODELISTE_RELASJON. NEXTVAL,'HENDELSE_TYPE','VILKAAR_GENERELLE_TYPE','HENDELSE_UNDERTYPE','MOR_IKKE_I_KP');

INSERT INTO KODELISTE_RELASJON (ID,KODEVERK1,KODE1,KODEVERK2,KODE2)
VALUES (SEQ_KODELISTE_RELASJON. NEXTVAL,'HENDELSE_TYPE','KUN_RETT_TYPE','HENDELSE_UNDERTYPE','FEIL_I_ANTALL_DAGER');

INSERT INTO KODELISTE_RELASJON (ID,KODEVERK1,KODE1,KODEVERK2,KODE2)
VALUES (SEQ_KODELISTE_RELASJON. NEXTVAL,'HENDELSE_TYPE','UTTAK_ALENEOMSORG_TYPE','HENDELSE_UNDERTYPE','IKKE_ALENEOMSORG');

INSERT INTO KODELISTE_RELASJON (ID,KODEVERK1,KODE1,KODEVERK2,KODE2)
VALUES (SEQ_KODELISTE_RELASJON. NEXTVAL,'HENDELSE_TYPE','UTTAK_GRADERT_TYPE','HENDELSE_UNDERTYPE','GRADERT_UTTAK');

INSERT INTO KODELISTE_RELASJON (ID,KODEVERK1,KODE1,KODEVERK2,KODE2)
VALUES (SEQ_KODELISTE_RELASJON. NEXTVAL,'HENDELSE_TYPE','FP_ANNET_HENDELSE_TYPE','HENDELSE_UNDERTYPE','OKONOMI_DOBBELUTBETALING');

INSERT INTO KODELISTE_RELASJON (ID,KODEVERK1,KODE1,KODEVERK2,KODE2)
VALUES (SEQ_KODELISTE_RELASJON. NEXTVAL,'HENDELSE_TYPE','FP_ANNET_HENDELSE_TYPE','HENDELSE_UNDERTYPE','OKONOMI_UTBETALT');

INSERT INTO KODELISTE_RELASJON (ID,KODEVERK1,KODE1,KODEVERK2,KODE2)
VALUES (SEQ_KODELISTE_RELASJON. NEXTVAL,'HENDELSE_TYPE','FP_ANNET_HENDELSE_TYPE','HENDELSE_UNDERTYPE','OKONOMI_FEIL_TREKK');

INSERT INTO KODELISTE_RELASJON (ID,KODEVERK1,KODE1,KODEVERK2,KODE2)
VALUES (SEQ_KODELISTE_RELASJON. NEXTVAL,'HENDELSE_TYPE','FP_ANNET_HENDELSE_TYPE','HENDELSE_UNDERTYPE','ANNET_FRITEKST');







--Engangsstønad:

--kodeliste og kodeliste_navn_i18
INSERT INTO KODELISTE (ID,KODEVERK,KODE,OFFISIELL_KODE,BESKRIVELSE)
VALUES (SEQ_KODELISTE.NEXTVAL,'HENDELSE_TYPE','ES_MEDLEMSKAP_TYPE',null,'Medlemskap §14-2');

INSERT INTO KODELISTE_NAVN_I18N (ID,KL_KODEVERK,KL_KODE,SPRAK,NAVN)
VALUES (SEQ_KODELISTE_NAVN_I18N.NEXTVAL,'HENDELSE_TYPE','ES_MEDLEMSKAP_TYPE','NB','Medlemskap §14-2');

INSERT INTO KODELISTE (ID,KODEVERK,KODE,OFFISIELL_KODE,BESKRIVELSE)
VALUES (SEQ_KODELISTE.NEXTVAL,'HENDELSE_TYPE','ES_FODSELSVILKAARET_TYPE',null,'Fødselsvilkåret §14-17 1. ledd');

INSERT INTO KODELISTE_NAVN_I18N (ID,KL_KODEVERK,KL_KODE,SPRAK,NAVN)
VALUES (SEQ_KODELISTE_NAVN_I18N.NEXTVAL,'HENDELSE_TYPE','ES_FODSELSVILKAARET_TYPE','NB','Fødselsvilkåret §14-17 1. ledd');

INSERT INTO KODELISTE (ID,KODEVERK,KODE,OFFISIELL_KODE,BESKRIVELSE)
VALUES (SEQ_KODELISTE.NEXTVAL,'HENDELSE_TYPE','ES_ADOPSJONSVILKAARET_TYPE',null,'Adopsjonsvilkåret §14-7 1. ledd');

INSERT INTO KODELISTE_NAVN_I18N (ID,KL_KODEVERK,KL_KODE,SPRAK,NAVN)
VALUES (SEQ_KODELISTE_NAVN_I18N.NEXTVAL,'HENDELSE_TYPE','ES_ADOPSJONSVILKAARET_TYPE','NB','Adopsjonsvilkåret §14-7 1. ledd');

INSERT INTO KODELISTE (ID,KODEVERK,KODE,OFFISIELL_KODE,BESKRIVELSE)
VALUES (SEQ_KODELISTE.NEXTVAL,'HENDELSE_TYPE','ES_FORELDREANSVAR_TYPE',null,'Foreldreansvar §14-7 2. ledd');

INSERT INTO KODELISTE_NAVN_I18N (ID,KL_KODEVERK,KL_KODE,SPRAK,NAVN)
VALUES (SEQ_KODELISTE_NAVN_I18N.NEXTVAL,'HENDELSE_TYPE','ES_FORELDREANSVAR_TYPE','NB','Foreldreansvar §14-7 2. ledd');

INSERT INTO KODELISTE (ID,KODEVERK,KODE,OFFISIELL_KODE,BESKRIVELSE)
VALUES (SEQ_KODELISTE.NEXTVAL,'HENDELSE_TYPE','ES_OMSORGSVILKAAR_TYPE',null,'Omsorgsvilkår ved mors død §14-17 3. ledd');

INSERT INTO KODELISTE_NAVN_I18N (ID,KL_KODEVERK,KL_KODE,SPRAK,NAVN)
VALUES (SEQ_KODELISTE_NAVN_I18N.NEXTVAL,'HENDELSE_TYPE','ES_OMSORGSVILKAAR_TYPE','NB','Omsorgsvilkår ved mors død §14-17 3. ledd');

INSERT INTO KODELISTE (ID,KODEVERK,KODE,OFFISIELL_KODE,BESKRIVELSE)
VALUES (SEQ_KODELISTE.NEXTVAL,'HENDELSE_TYPE','ES_FORELDREANSVAR_FAR_TYPE',null,'Foreldreansvar far §14-7 4. ledd');

INSERT INTO KODELISTE_NAVN_I18N (ID,KL_KODEVERK,KL_KODE,SPRAK,NAVN)
VALUES (SEQ_KODELISTE_NAVN_I18N.NEXTVAL,'HENDELSE_TYPE','ES_FORELDREANSVAR_FAR_TYPE','NB','Foreldreansvar far §14-7 4. ledd');

INSERT INTO KODELISTE (ID,KODEVERK,KODE,OFFISIELL_KODE,BESKRIVELSE)
VALUES (SEQ_KODELISTE.NEXTVAL,'HENDELSE_TYPE','ES_RETT_PAA_FORELDREPENGER_TYPE',null,'Rett på foreldrepenger etter klage');

INSERT INTO KODELISTE_NAVN_I18N (ID,KL_KODEVERK,KL_KODE,SPRAK,NAVN)
VALUES (SEQ_KODELISTE_NAVN_I18N.NEXTVAL,'HENDELSE_TYPE','ES_RETT_PAA_FORELDREPENGER_TYPE','NB','Rett på foreldrepenger etter klage');

INSERT INTO KODELISTE (ID,KODEVERK,KODE,OFFISIELL_KODE,BESKRIVELSE)
VALUES (SEQ_KODELISTE.NEXTVAL,'HENDELSE_TYPE','ES_FEIL_UTBETALING_TYPE',null,'Feil i utbetaling');

INSERT INTO KODELISTE_NAVN_I18N (ID,KL_KODEVERK,KL_KODE,SPRAK,NAVN)
VALUES (SEQ_KODELISTE_NAVN_I18N.NEXTVAL,'HENDELSE_TYPE','ES_FEIL_UTBETALING_TYPE','NB','Feil i utbetaling');

INSERT INTO KODELISTE (ID,KODEVERK,KODE,OFFISIELL_KODE,BESKRIVELSE)
VALUES (SEQ_KODELISTE.NEXTVAL,'HENDELSE_TYPE','ES_ANNET_TYPE',null,'Annet');

INSERT INTO KODELISTE_NAVN_I18N (ID,KL_KODEVERK,KL_KODE,SPRAK,NAVN)
VALUES (SEQ_KODELISTE_NAVN_I18N.NEXTVAL,'HENDELSE_TYPE','ES_ANNET_TYPE','NB','Annet');

--kodeliste_relasjon mellom ytelese type og kodeverk(årsak)
INSERT INTO KODELISTE_RELASJON (ID,KODEVERK1,KODE1,KODEVERK2,KODE2)
VALUES (SEQ_KODELISTE_RELASJON.NEXTVAL,'FAGSAK_YTELSE','ES','HENDELSE_TYPE','ES_MEDLEMSKAP_TYPE');

INSERT INTO KODELISTE_RELASJON (ID,KODEVERK1,KODE1,KODEVERK2,KODE2)
VALUES (SEQ_KODELISTE_RELASJON.NEXTVAL,'FAGSAK_YTELSE','ES','HENDELSE_TYPE','ES_FODSELSVILKAARET_TYPE');

INSERT INTO KODELISTE_RELASJON (ID,KODEVERK1,KODE1,KODEVERK2,KODE2)
VALUES (SEQ_KODELISTE_RELASJON.NEXTVAL,'FAGSAK_YTELSE','ES','HENDELSE_TYPE','ES_ADOPSJONSVILKAARET_TYPE');

INSERT INTO KODELISTE_RELASJON (ID,KODEVERK1,KODE1,KODEVERK2,KODE2)
VALUES (SEQ_KODELISTE_RELASJON.NEXTVAL,'FAGSAK_YTELSE','ES','HENDELSE_TYPE','ES_FORELDREANSVAR_TYPE');

INSERT INTO KODELISTE_RELASJON (ID,KODEVERK1,KODE1,KODEVERK2,KODE2)
VALUES (SEQ_KODELISTE_RELASJON.NEXTVAL,'FAGSAK_YTELSE','ES','HENDELSE_TYPE','ES_OMSORGSVILKAAR_TYPE');

INSERT INTO KODELISTE_RELASJON (ID,KODEVERK1,KODE1,KODEVERK2,KODE2)
VALUES (SEQ_KODELISTE_RELASJON.NEXTVAL,'FAGSAK_YTELSE','ES','HENDELSE_TYPE','ES_FORELDREANSVAR_FAR_TYPE');

INSERT INTO KODELISTE_RELASJON (ID,KODEVERK1,KODE1,KODEVERK2,KODE2)
VALUES (SEQ_KODELISTE_RELASJON.NEXTVAL,'FAGSAK_YTELSE','ES','HENDELSE_TYPE','ES_RETT_PAA_FORELDREPENGER_TYPE');

INSERT INTO KODELISTE_RELASJON (ID,KODEVERK1,KODE1,KODEVERK2,KODE2)
VALUES (SEQ_KODELISTE_RELASJON.NEXTVAL,'FAGSAK_YTELSE','ES','HENDELSE_TYPE','ES_FEIL_UTBETALING_TYPE');

INSERT INTO KODELISTE_RELASJON (ID,KODEVERK1,KODE1,KODEVERK2,KODE2)
VALUES (SEQ_KODELISTE_RELASJON.NEXTVAL,'FAGSAK_YTELSE','ES','HENDELSE_TYPE','ES_ANNET_TYPE');

--kodeliste og kodeliste_navn_i18n
INSERT INTO KODELISTE (ID,KODEVERK,KODE,OFFISIELL_KODE,BESKRIVELSE)
VALUES (SEQ_KODELISTE.NEXTVAL,'HENDELSE_UNDERTYPE','ES_UTVANDRET',null,'ES Utvandret');

INSERT INTO KODELISTE_NAVN_I18N (ID,KL_KODEVERK,KL_KODE,SPRAK,NAVN)
VALUES (SEQ_KODELISTE_NAVN_I18N.NEXTVAL,'HENDELSE_UNDERTYPE','ES_UTVANDRET','NB','Utvandret');

INSERT INTO KODELISTE (ID,KODEVERK,KODE,OFFISIELL_KODE,BESKRIVELSE)
VALUES (SEQ_KODELISTE.NEXTVAL,'HENDELSE_UNDERTYPE','ES_IKKE_BOSATT',null,'ES Ikke bosatt');

INSERT INTO KODELISTE_NAVN_I18N (ID,KL_KODEVERK,KL_KODE,SPRAK,NAVN)
VALUES (SEQ_KODELISTE_NAVN_I18N.NEXTVAL,'HENDELSE_UNDERTYPE','ES_IKKE_BOSATT','NB','Ikke bosatt');

INSERT INTO KODELISTE (ID,KODEVERK,KODE,OFFISIELL_KODE,BESKRIVELSE)
VALUES (SEQ_KODELISTE.NEXTVAL,'HENDELSE_UNDERTYPE','ES_IKKE_OPPHOLDSRETT',null,'ES Ikke oppholdsrett EØS');

INSERT INTO KODELISTE_NAVN_I18N (ID,KL_KODEVERK,KL_KODE,SPRAK,NAVN)
VALUES (SEQ_KODELISTE_NAVN_I18N.NEXTVAL,'HENDELSE_UNDERTYPE','ES_IKKE_OPPHOLDSRETT','NB','Ikke oppholdsrett EØS');

INSERT INTO KODELISTE (ID,KODEVERK,KODE,OFFISIELL_KODE,BESKRIVELSE)
VALUES (SEQ_KODELISTE.NEXTVAL,'HENDELSE_UNDERTYPE','ES_IKKE_LOVLIG_OPPHOLD',null,'ES Ikke lovlig opphold');

INSERT INTO KODELISTE_NAVN_I18N (ID,KL_KODEVERK,KL_KODE,SPRAK,NAVN)
VALUES (SEQ_KODELISTE_NAVN_I18N.NEXTVAL,'HENDELSE_UNDERTYPE','ES_IKKE_LOVLIG_OPPHOLD','NB','Ikke lovlig opphold');

INSERT INTO KODELISTE (ID,KODEVERK,KODE,OFFISIELL_KODE,BESKRIVELSE)
VALUES (SEQ_KODELISTE.NEXTVAL,'HENDELSE_UNDERTYPE','ES_MEDLEMSKAP_UNNTAKK',null,'ES unntakk medlemskap');

INSERT INTO KODELISTE_NAVN_I18N (ID,KL_KODEVERK,KL_KODE,SPRAK,NAVN)
VALUES (SEQ_KODELISTE_NAVN_I18N.NEXTVAL,'HENDELSE_UNDERTYPE','ES_MEDLEMSKAP_UNNTAKK','NB','Unntakk medlemskap');

INSERT INTO KODELISTE (ID,KODEVERK,KODE,OFFISIELL_KODE,BESKRIVELSE)
VALUES (SEQ_KODELISTE.NEXTVAL,'HENDELSE_UNDERTYPE','ES_BARN_IKKE_REGISTRERT',null,'ES Barn ikke registrert');

INSERT INTO KODELISTE_NAVN_I18N (ID,KL_KODEVERK,KL_KODE,SPRAK,NAVN)
VALUES (SEQ_KODELISTE_NAVN_I18N.NEXTVAL,'HENDELSE_UNDERTYPE','ES_BARN_IKKE_REGISTRERT','NB','Barn ikke registrert');

INSERT INTO KODELISTE (ID,KODEVERK,KODE,OFFISIELL_KODE,BESKRIVELSE)
VALUES (SEQ_KODELISTE.NEXTVAL,'HENDELSE_UNDERTYPE','ES_MOTTAKER_FAR_MEDMOR',null,'ES Mottaker er far eller medmor');

INSERT INTO KODELISTE_NAVN_I18N (ID,KL_KODEVERK,KL_KODE,SPRAK,NAVN)
VALUES (SEQ_KODELISTE_NAVN_I18N.NEXTVAL,'HENDELSE_UNDERTYPE','ES_MOTTAKER_FAR_MEDMOR','NB','Mottaker er far eller medmor');

INSERT INTO KODELISTE (ID,KODEVERK,KODE,OFFISIELL_KODE,BESKRIVELSE)
VALUES (SEQ_KODELISTE.NEXTVAL,'HENDELSE_UNDERTYPE','ES_IKKE_OPPFYLT',null,'ES Adopsjonsvilkår ikke oppfylt');

INSERT INTO KODELISTE_NAVN_I18N (ID,KL_KODEVERK,KL_KODE,SPRAK,NAVN)
VALUES (SEQ_KODELISTE_NAVN_I18N.NEXTVAL,'HENDELSE_UNDERTYPE','ES_IKKE_OPPFYLT','NB','Adopsjonsvilkår ikke oppfylt');

INSERT INTO KODELISTE (ID,KODEVERK,KODE,OFFISIELL_KODE,BESKRIVELSE)
VALUES (SEQ_KODELISTE.NEXTVAL,'HENDELSE_UNDERTYPE','ES_BARN_OVER_15',null,'ES Barn over 15 år');

INSERT INTO KODELISTE_NAVN_I18N (ID,KL_KODEVERK,KL_KODE,SPRAK,NAVN)
VALUES (SEQ_KODELISTE_NAVN_I18N.NEXTVAL,'HENDELSE_UNDERTYPE','ES_BARN_OVER_15','NB','Barn over 15 år');

INSERT INTO KODELISTE (ID,KODEVERK,KODE,OFFISIELL_KODE,BESKRIVELSE)
VALUES (SEQ_KODELISTE.NEXTVAL,'HENDELSE_UNDERTYPE','ES_MANN_IKKE_ALENE',null,'ES Mann adopterer ikke alene');

INSERT INTO KODELISTE_NAVN_I18N (ID,KL_KODEVERK,KL_KODE,SPRAK,NAVN)
VALUES (SEQ_KODELISTE_NAVN_I18N.NEXTVAL,'HENDELSE_UNDERTYPE','ES_MANN_IKKE_ALENE','NB','Mann adopterer ikke alene');

INSERT INTO KODELISTE (ID,KODEVERK,KODE,OFFISIELL_KODE,BESKRIVELSE)
VALUES (SEQ_KODELISTE.NEXTVAL,'HENDELSE_UNDERTYPE','ES_STEBARN',null,'ES Stebarn');

INSERT INTO KODELISTE_NAVN_I18N (ID,KL_KODEVERK,KL_KODE,SPRAK,NAVN)
VALUES (SEQ_KODELISTE_NAVN_I18N.NEXTVAL,'HENDELSE_UNDERTYPE','ES_STEBARN','NB','Stebarnsadopsjon');

INSERT INTO KODELISTE (ID,KODEVERK,KODE,OFFISIELL_KODE,BESKRIVELSE)
VALUES (SEQ_KODELISTE.NEXTVAL,'HENDELSE_UNDERTYPE','ES_ANDRE_FORELDRE_DODD',null,'ES Har ikke foreldreansvar ved andre foreldres død');

INSERT INTO KODELISTE_NAVN_I18N (ID,KL_KODEVERK,KL_KODE,SPRAK,NAVN)
VALUES (SEQ_KODELISTE_NAVN_I18N.NEXTVAL,'HENDELSE_UNDERTYPE','ES_ANDRE_FORELDRE_DODD','NB','Har ikke foreldreansvar ved andre foreldres død');

INSERT INTO KODELISTE (ID,KODEVERK,KODE,OFFISIELL_KODE,BESKRIVELSE)
VALUES (SEQ_KODELISTE.NEXTVAL,'HENDELSE_UNDERTYPE','ES_IKKE_TILDELT',null,'ES Ikke tildelt foreldreansvar etter barneloven');

INSERT INTO KODELISTE_NAVN_I18N (ID,KL_KODEVERK,KL_KODE,SPRAK,NAVN)
VALUES (SEQ_KODELISTE_NAVN_I18N.NEXTVAL,'HENDELSE_UNDERTYPE','ES_IKKE_TILDELT','NB','Ikke tildelt foreldreansvar etter barneloven');

INSERT INTO KODELISTE (ID,KODEVERK,KODE,OFFISIELL_KODE,BESKRIVELSE)
VALUES (SEQ_KODELISTE.NEXTVAL,'HENDELSE_UNDERTYPE','ES_IKKE_MINDRE_SAMVAER',null,'ES Ikke hatt mindre samvær enn barneloven §43');

INSERT INTO KODELISTE_NAVN_I18N (ID,KL_KODEVERK,KL_KODE,SPRAK,NAVN)
VALUES (SEQ_KODELISTE_NAVN_I18N.NEXTVAL,'HENDELSE_UNDERTYPE','ES_IKKE_MINDRE_SAMVAER','NB','Ikke hatt mindre samvær enn barneloven §43');

INSERT INTO KODELISTE (ID,KODEVERK,KODE,OFFISIELL_KODE,BESKRIVELSE)
VALUES (SEQ_KODELISTE.NEXTVAL,'HENDELSE_UNDERTYPE','ES_FORELDREANSVAR_BARN_OVER_15',null,'ES Barn over 15 år');

INSERT INTO KODELISTE_NAVN_I18N (ID,KL_KODEVERK,KL_KODE,SPRAK,NAVN)
VALUES (SEQ_KODELISTE_NAVN_I18N.NEXTVAL,'HENDELSE_UNDERTYPE','ES_FORELDREANSVAR_BARN_OVER_15','NB','Barn over 15 år');

INSERT INTO KODELISTE (ID,KODEVERK,KODE,OFFISIELL_KODE,BESKRIVELSE)
VALUES (SEQ_KODELISTE.NEXTVAL,'HENDELSE_UNDERTYPE','ES_FAR_IKKE_OMSORG',null,'ES Far ikke omsorg for barnet');

INSERT INTO KODELISTE_NAVN_I18N (ID,KL_KODEVERK,KL_KODE,SPRAK,NAVN)
VALUES (SEQ_KODELISTE_NAVN_I18N.NEXTVAL,'HENDELSE_UNDERTYPE','ES_FAR_IKKE_OMSORG','NB','Far ikke omsorg for barnet');

INSERT INTO KODELISTE (ID,KODEVERK,KODE,OFFISIELL_KODE,BESKRIVELSE)
VALUES (SEQ_KODELISTE.NEXTVAL,'HENDELSE_UNDERTYPE','ES_STONADEN_ALLEREDE_UTBETALT',null,'ES Stønaden allerede utbetalt til mor');

INSERT INTO KODELISTE_NAVN_I18N (ID,KL_KODEVERK,KL_KODE,SPRAK,NAVN)
VALUES (SEQ_KODELISTE_NAVN_I18N.NEXTVAL,'HENDELSE_UNDERTYPE','ES_STONADEN_ALLEREDE_UTBETALT','NB','Stønaden allerede utbetalt til mor');

INSERT INTO KODELISTE (ID,KODEVERK,KODE,OFFISIELL_KODE,BESKRIVELSE)
VALUES (SEQ_KODELISTE.NEXTVAL,'HENDELSE_UNDERTYPE','ES_FAR_IKKE_ALENE',null,'ES Far overtar ikke foreldreansvar alene');

INSERT INTO KODELISTE_NAVN_I18N (ID,KL_KODEVERK,KL_KODE,SPRAK,NAVN)
VALUES (SEQ_KODELISTE_NAVN_I18N.NEXTVAL,'HENDELSE_UNDERTYPE','ES_FAR_IKKE_ALENE','NB','Far overtar ikke foreldreansvar alene');

INSERT INTO KODELISTE (ID,KODEVERK,KODE,OFFISIELL_KODE,BESKRIVELSE)
VALUES (SEQ_KODELISTE.NEXTVAL,'HENDELSE_UNDERTYPE','ES_FAR_IKKE_INNEN_STONADSPERIODE',null,'ES Far overtar ikke innen stønadsperioden');

INSERT INTO KODELISTE_NAVN_I18N (ID,KL_KODEVERK,KL_KODE,SPRAK,NAVN)
VALUES (SEQ_KODELISTE_NAVN_I18N.NEXTVAL,'HENDELSE_UNDERTYPE','ES_FAR_IKKE_INNEN_STONADSPERIODE','NB','Far overtar ikke innen stønadsperioden');

INSERT INTO KODELISTE (ID,KODEVERK,KODE,OFFISIELL_KODE,BESKRIVELSE)
VALUES (SEQ_KODELISTE.NEXTVAL,'HENDELSE_UNDERTYPE','ES_BRUKER_RETT_FORELDREPENGER',null,'ES Bruker har likevel rett på foreldrepenger');

INSERT INTO KODELISTE_NAVN_I18N (ID,KL_KODEVERK,KL_KODE,SPRAK,NAVN)
VALUES (SEQ_KODELISTE_NAVN_I18N.NEXTVAL,'HENDELSE_UNDERTYPE','ES_BRUKER_RETT_FORELDREPENGER','NB','Bruker har likevel rett på foreldrepenger');

INSERT INTO KODELISTE (ID,KODEVERK,KODE,OFFISIELL_KODE,BESKRIVELSE)
VALUES (SEQ_KODELISTE.NEXTVAL,'HENDELSE_UNDERTYPE','ES_STONAD_FLERE_GANGER',null,'ES Stønad gitt for samme barn flere ganger');

INSERT INTO KODELISTE_NAVN_I18N (ID,KL_KODEVERK,KL_KODE,SPRAK,NAVN)
VALUES (SEQ_KODELISTE_NAVN_I18N.NEXTVAL,'HENDELSE_UNDERTYPE','ES_STONAD_FLERE_GANGER','NB','Stønad gitt for samme barn flere ganger');


--kodeliste_relasjon
INSERT INTO KODELISTE_RELASJON (ID,KODEVERK1,KODE1,KODEVERK2,KODE2)
VALUES (SEQ_KODELISTE_RELASJON.NEXTVAL,'HENDELSE_TYPE','ES_MEDLEMSKAP_TYPE','HENDELSE_UNDERTYPE','ES_UTVANDRET');

INSERT INTO KODELISTE_RELASJON (ID,KODEVERK1,KODE1,KODEVERK2,KODE2)
VALUES (SEQ_KODELISTE_RELASJON.NEXTVAL,'HENDELSE_TYPE','ES_MEDLEMSKAP_TYPE','HENDELSE_UNDERTYPE','ES_IKKE_BOSATT');

INSERT INTO KODELISTE_RELASJON (ID,KODEVERK1,KODE1,KODEVERK2,KODE2)
VALUES (SEQ_KODELISTE_RELASJON.NEXTVAL,'HENDELSE_TYPE','ES_MEDLEMSKAP_TYPE','HENDELSE_UNDERTYPE','ES_IKKE_OPPHOLDSRETT');

INSERT INTO KODELISTE_RELASJON (ID,KODEVERK1,KODE1,KODEVERK2,KODE2)
VALUES (SEQ_KODELISTE_RELASJON.NEXTVAL,'HENDELSE_TYPE','ES_MEDLEMSKAP_TYPE','HENDELSE_UNDERTYPE','ES_IKKE_LOVLIG_OPPHOLD');

INSERT INTO KODELISTE_RELASJON (ID,KODEVERK1,KODE1,KODEVERK2,KODE2)
VALUES (SEQ_KODELISTE_RELASJON.NEXTVAL,'HENDELSE_TYPE','ES_MEDLEMSKAP_TYPE','HENDELSE_UNDERTYPE','ES_MEDLEMSKAP_UNNTAKK');

INSERT INTO KODELISTE_RELASJON (ID,KODEVERK1,KODE1,KODEVERK2,KODE2)
VALUES (SEQ_KODELISTE_RELASJON.NEXTVAL,'HENDELSE_TYPE','ES_FODSELSVILKAARET_TYPE','HENDELSE_UNDERTYPE','ES_BARN_IKKE_REGISTRERT');

INSERT INTO KODELISTE_RELASJON (ID,KODEVERK1,KODE1,KODEVERK2,KODE2)
VALUES (SEQ_KODELISTE_RELASJON.NEXTVAL,'HENDELSE_TYPE','ES_FODSELSVILKAARET_TYPE','HENDELSE_UNDERTYPE','ES_MOTTAKER_FAR_MEDMOR');

INSERT INTO KODELISTE_RELASJON (ID,KODEVERK1,KODE1,KODEVERK2,KODE2)
VALUES (SEQ_KODELISTE_RELASJON.NEXTVAL,'HENDELSE_TYPE','ES_ADOPSJONSVILKAARET_TYPE','HENDELSE_UNDERTYPE','ES_IKKE_OPPFYLT');

INSERT INTO KODELISTE_RELASJON (ID,KODEVERK1,KODE1,KODEVERK2,KODE2)
VALUES (SEQ_KODELISTE_RELASJON.NEXTVAL,'HENDELSE_TYPE','ES_ADOPSJONSVILKAARET_TYPE','HENDELSE_UNDERTYPE','ES_BARN_OVER_15');

INSERT INTO KODELISTE_RELASJON (ID,KODEVERK1,KODE1,KODEVERK2,KODE2)
VALUES (SEQ_KODELISTE_RELASJON.NEXTVAL,'HENDELSE_TYPE','ES_ADOPSJONSVILKAARET_TYPE','HENDELSE_UNDERTYPE','ES_MANN_IKKE_ALENE');

INSERT INTO KODELISTE_RELASJON (ID,KODEVERK1,KODE1,KODEVERK2,KODE2)
VALUES (SEQ_KODELISTE_RELASJON.NEXTVAL,'HENDELSE_TYPE','ES_ADOPSJONSVILKAARET_TYPE','HENDELSE_UNDERTYPE','ES_STEBARN');

INSERT INTO KODELISTE_RELASJON (ID,KODEVERK1,KODE1,KODEVERK2,KODE2)
VALUES (SEQ_KODELISTE_RELASJON.NEXTVAL,'HENDELSE_TYPE','ES_FORELDREANSVAR_TYPE','HENDELSE_UNDERTYPE','ES_ANDRE_FORELDRE_DODD');

INSERT INTO KODELISTE_RELASJON (ID,KODEVERK1,KODE1,KODEVERK2,KODE2)
VALUES (SEQ_KODELISTE_RELASJON.NEXTVAL,'HENDELSE_TYPE','ES_FORELDREANSVAR_TYPE','HENDELSE_UNDERTYPE','ES_IKKE_TILDELT');

INSERT INTO KODELISTE_RELASJON (ID,KODEVERK1,KODE1,KODEVERK2,KODE2)
VALUES (SEQ_KODELISTE_RELASJON.NEXTVAL,'HENDELSE_TYPE','ES_FORELDREANSVAR_TYPE','HENDELSE_UNDERTYPE','ES_IKKE_MINDRE_SAMVAER');

INSERT INTO KODELISTE_RELASJON (ID,KODEVERK1,KODE1,KODEVERK2,KODE2)
VALUES (SEQ_KODELISTE_RELASJON.NEXTVAL,'HENDELSE_TYPE','ES_FORELDREANSVAR_TYPE','HENDELSE_UNDERTYPE','ES_FORELDREANSVAR_BARN_OVER_15');

INSERT INTO KODELISTE_RELASJON (ID,KODEVERK1,KODE1,KODEVERK2,KODE2)
VALUES (SEQ_KODELISTE_RELASJON.NEXTVAL,'HENDELSE_TYPE','ES_OMSORGSVILKAAR_TYPE','HENDELSE_UNDERTYPE','ES_FAR_IKKE_OMSORG');

INSERT INTO KODELISTE_RELASJON (ID,KODEVERK1,KODE1,KODEVERK2,KODE2)
VALUES (SEQ_KODELISTE_RELASJON.NEXTVAL,'HENDELSE_TYPE','ES_OMSORGSVILKAAR_TYPE','HENDELSE_UNDERTYPE','ES_STONADEN_ALLEREDE_UTBETALT');

INSERT INTO KODELISTE_RELASJON (ID,KODEVERK1,KODE1,KODEVERK2,KODE2)
VALUES (SEQ_KODELISTE_RELASJON.NEXTVAL,'HENDELSE_TYPE','ES_FORELDREANSVAR_FAR_TYPE','HENDELSE_UNDERTYPE','ES_FAR_IKKE_ALENE');

INSERT INTO KODELISTE_RELASJON (ID,KODEVERK1,KODE1,KODEVERK2,KODE2)
VALUES (SEQ_KODELISTE_RELASJON.NEXTVAL,'HENDELSE_TYPE','ES_FORELDREANSVAR_FAR_TYPE','HENDELSE_UNDERTYPE','ES_FAR_IKKE_INNEN_STONADSPERIODE');

INSERT INTO KODELISTE_RELASJON (ID,KODEVERK1,KODE1,KODEVERK2,KODE2)
VALUES (SEQ_KODELISTE_RELASJON.NEXTVAL,'HENDELSE_TYPE','ES_RETT_PAA_FORELDREPENGER_TYPE','HENDELSE_UNDERTYPE','ES_BRUKER_RETT_FORELDREPENGER');

INSERT INTO KODELISTE_RELASJON (ID,KODEVERK1,KODE1,KODEVERK2,KODE2)
VALUES (SEQ_KODELISTE_RELASJON.NEXTVAL,'HENDELSE_TYPE','ES_FEIL_UTBETALING_TYPE','HENDELSE_UNDERTYPE','ES_STONAD_FLERE_GANGER');


--svangerskapspenger:

--kodeliste og kodeliste_navn_i18
INSERT INTO KODELISTE (ID,KODEVERK,KODE,OFFISIELL_KODE,BESKRIVELSE)
VALUES (seq_kodeliste.nextval,'HENDELSE_TYPE','SVP_MEDLEMSKAP',null,'Medlemskapsvilkåret §14-2');

INSERT INTO KODELISTE_NAVN_I18N (ID,KL_KODEVERK,KL_KODE,SPRAK,NAVN)
VALUES (SEQ_KODELISTE_NAVN_I18N.NEXTVAL,'HENDELSE_TYPE','SVP_MEDLEMSKAP','NB','Medlemskapsvilkåret §14-2');

INSERT INTO KODELISTE (ID,KODEVERK,KODE,OFFISIELL_KODE,BESKRIVELSE)
VALUES (seq_kodeliste.nextval,'HENDELSE_TYPE','SVP_FAKTA_TYPE',null,'Fakta om svangerskap');

INSERT INTO KODELISTE_NAVN_I18N (ID,KL_KODEVERK,KL_KODE,SPRAK,NAVN)
VALUES (SEQ_KODELISTE_NAVN_I18N.NEXTVAL,'HENDELSE_TYPE','SVP_FAKTA_TYPE','NB','Fakta om svangerskap');

INSERT INTO KODELISTE (ID,KODEVERK,KODE,OFFISIELL_KODE,BESKRIVELSE)
VALUES (seq_kodeliste.nextval,'HENDELSE_TYPE','SVP_ARBEIDSGIVERS_FORHOLD_TYPE',null,'Arbeidsgivers forhold');

INSERT INTO KODELISTE_NAVN_I18N (ID,KL_KODEVERK,KL_KODE,SPRAK,NAVN)
VALUES (SEQ_KODELISTE_NAVN_I18N.NEXTVAL,'HENDELSE_TYPE','SVP_ARBEIDSGIVERS_FORHOLD_TYPE','NB','Arbeidsgivers forhold');

INSERT INTO KODELISTE (ID,KODEVERK,KODE,OFFISIELL_KODE,BESKRIVELSE)
VALUES (seq_kodeliste.nextval,'HENDELSE_TYPE','SVP_ARBEIDSFORHOLD_TYPE',null,'Arbeidsforhold');

INSERT INTO KODELISTE_NAVN_I18N (ID,KL_KODEVERK,KL_KODE,SPRAK,NAVN)
VALUES (SEQ_KODELISTE_NAVN_I18N.NEXTVAL,'HENDELSE_TYPE','SVP_ARBEIDSFORHOLD_TYPE','NB','Arbeidsforhold');

INSERT INTO KODELISTE (ID,KODEVERK,KODE,OFFISIELL_KODE,BESKRIVELSE)
VALUES (seq_kodeliste.nextval,'HENDELSE_TYPE','SVP_OPPTJENING_TYPE',null,'Opptjening');

INSERT INTO KODELISTE_NAVN_I18N (ID,KL_KODEVERK,KL_KODE,SPRAK,NAVN)
VALUES (SEQ_KODELISTE_NAVN_I18N.NEXTVAL,'HENDELSE_TYPE','SVP_OPPTJENING_TYPE','NB','Opptjening');

INSERT INTO KODELISTE (ID,KODEVERK,KODE,OFFISIELL_KODE,BESKRIVELSE)
VALUES (seq_kodeliste.nextval,'HENDELSE_TYPE','SVP_BEREGNING_TYPE',null,'Beregning');

INSERT INTO KODELISTE_NAVN_I18N (ID,KL_KODEVERK,KL_KODE,SPRAK,NAVN)
VALUES (SEQ_KODELISTE_NAVN_I18N.NEXTVAL,'HENDELSE_TYPE','SVP_BEREGNING_TYPE','NB','Beregning');

INSERT INTO KODELISTE (ID,KODEVERK,KODE,OFFISIELL_KODE,BESKRIVELSE)
VALUES (seq_kodeliste.nextval,'HENDELSE_TYPE','SVP_UTTAK_TYPE',null,'Uttak');

INSERT INTO KODELISTE_NAVN_I18N (ID,KL_KODEVERK,KL_KODE,SPRAK,NAVN)
VALUES (SEQ_KODELISTE_NAVN_I18N.NEXTVAL,'HENDELSE_TYPE','SVP_UTTAK_TYPE','NB','Uttak');

INSERT INTO KODELISTE (ID,KODEVERK,KODE,OFFISIELL_KODE,BESKRIVELSE)
VALUES (seq_kodeliste.nextval,'HENDELSE_TYPE','SVP_INNTEKT_TYPE',null,'Inntekt');

INSERT INTO KODELISTE_NAVN_I18N (ID,KL_KODEVERK,KL_KODE,SPRAK,NAVN)
VALUES (SEQ_KODELISTE_NAVN_I18N.NEXTVAL,'HENDELSE_TYPE','SVP_INNTEKT_TYPE','NB','Inntekt');

INSERT INTO KODELISTE (ID,KODEVERK,KODE,OFFISIELL_KODE,BESKRIVELSE)
VALUES (seq_kodeliste.nextval,'HENDELSE_TYPE','SVP_ANNET_TYPE',null,'Annet');

INSERT INTO KODELISTE_NAVN_I18N (ID,KL_KODEVERK,KL_KODE,SPRAK,NAVN)
VALUES (SEQ_KODELISTE_NAVN_I18N.NEXTVAL,'HENDELSE_TYPE','SVP_ANNET_TYPE','NB','Annet');

--kodeliste_relasjon mellom ytelese type og kodeverk(årsak)
INSERT INTO KODELISTE_RELASJON (ID,KODEVERK1,KODE1,KODEVERK2,KODE2)
VALUES (SEQ_KODELISTE_RELASJON.NEXTVAL,'FAGSAK_YTELSE','SVP','HENDELSE_TYPE','SVP_MEDLEMSKAP');

INSERT INTO KODELISTE_RELASJON (ID,KODEVERK1,KODE1,KODEVERK2,KODE2)
VALUES (SEQ_KODELISTE_RELASJON.NEXTVAL,'FAGSAK_YTELSE','SVP','HENDELSE_TYPE','SVP_FAKTA_TYPE');

INSERT INTO KODELISTE_RELASJON (ID,KODEVERK1,KODE1,KODEVERK2,KODE2)
VALUES (SEQ_KODELISTE_RELASJON.NEXTVAL,'FAGSAK_YTELSE','SVP','HENDELSE_TYPE','SVP_ARBEIDSGIVERS_FORHOLD_TYPE');

INSERT INTO KODELISTE_RELASJON (ID,KODEVERK1,KODE1,KODEVERK2,KODE2)
VALUES (SEQ_KODELISTE_RELASJON.NEXTVAL,'FAGSAK_YTELSE','SVP','HENDELSE_TYPE','SVP_ARBEIDSFORHOLD_TYPE');

INSERT INTO KODELISTE_RELASJON (ID,KODEVERK1,KODE1,KODEVERK2,KODE2)
VALUES (SEQ_KODELISTE_RELASJON.NEXTVAL,'FAGSAK_YTELSE','SVP','HENDELSE_TYPE','SVP_OPPTJENING_TYPE');

INSERT INTO KODELISTE_RELASJON (ID,KODEVERK1,KODE1,KODEVERK2,KODE2)
VALUES (SEQ_KODELISTE_RELASJON.NEXTVAL,'FAGSAK_YTELSE','SVP','HENDELSE_TYPE','SVP_BEREGNING_TYPE');

INSERT INTO KODELISTE_RELASJON (ID,KODEVERK1,KODE1,KODEVERK2,KODE2)
VALUES (SEQ_KODELISTE_RELASJON.NEXTVAL,'FAGSAK_YTELSE','SVP','HENDELSE_TYPE','SVP_UTTAK_TYPE');

INSERT INTO KODELISTE_RELASJON (ID,KODEVERK1,KODE1,KODEVERK2,KODE2)
VALUES (SEQ_KODELISTE_RELASJON.NEXTVAL,'FAGSAK_YTELSE','SVP','HENDELSE_TYPE','SVP_INNTEKT_TYPE');

INSERT INTO KODELISTE_RELASJON (ID,KODEVERK1,KODE1,KODEVERK2,KODE2)
VALUES (SEQ_KODELISTE_RELASJON.NEXTVAL,'FAGSAK_YTELSE','SVP','HENDELSE_TYPE','SVP_ANNET_TYPE');

--kodeliste og kodeliste_navn_i18n
INSERT INTO KODELISTE (ID,KODEVERK,KODE,OFFISIELL_KODE,BESKRIVELSE)
VALUES (seq_kodeliste.nextval,'HENDELSE_UNDERTYPE','SVP_UTVANDRET',null,'SVP Utvandret');

INSERT INTO KODELISTE_NAVN_I18N (ID,KL_KODEVERK,KL_KODE,SPRAK,NAVN)
VALUES (SEQ_KODELISTE_NAVN_I18N.NEXTVAL,'HENDELSE_UNDERTYPE','SVP_UTVANDRET','NB','Utvandret');

INSERT INTO KODELISTE (ID,KODEVERK,KODE,OFFISIELL_KODE,BESKRIVELSE)
VALUES (seq_kodeliste.nextval,'HENDELSE_UNDERTYPE','SVP_MEDLEM_I_ANNET_LAND',null,'Medlem i et annet land');

INSERT INTO KODELISTE_NAVN_I18N (ID,KL_KODEVERK,KL_KODE,SPRAK,NAVN)
VALUES (SEQ_KODELISTE_NAVN_I18N.NEXTVAL,'HENDELSE_UNDERTYPE','SVP_MEDLEM_I_ANNET_LAND','NB','Medlem i et annet land');

INSERT INTO KODELISTE (ID,KODEVERK,KODE,OFFISIELL_KODE,BESKRIVELSE)
VALUES (seq_kodeliste.nextval,'HENDELSE_UNDERTYPE','SVP_IKKE_OPPHOLDSTILLATLSE',null,'Ikke oppholdstillatlse');

INSERT INTO KODELISTE_NAVN_I18N (ID,KL_KODEVERK,KL_KODE,SPRAK,NAVN)
VALUES (SEQ_KODELISTE_NAVN_I18N.NEXTVAL,'HENDELSE_UNDERTYPE','SVP_IKKE_OPPHOLDSTILLATLSE','NB','Ikke oppholdstillatlse');

INSERT INTO KODELISTE (ID,KODEVERK,KODE,OFFISIELL_KODE,BESKRIVELSE)
VALUES (seq_kodeliste.nextval,'HENDELSE_UNDERTYPE','SVP_IKKE_JOBBET',null,'Ikke jobbet/familie');

INSERT INTO KODELISTE_NAVN_I18N (ID,KL_KODEVERK,KL_KODE,SPRAK,NAVN)
VALUES (SEQ_KODELISTE_NAVN_I18N.NEXTVAL,'HENDELSE_UNDERTYPE','SVP_IKKE_JOBBET','NB','Ikke jobbet eller har familie');

INSERT INTO KODELISTE (ID,KODEVERK,KODE,OFFISIELL_KODE,BESKRIVELSE)
VALUES (seq_kodeliste.nextval,'HENDELSE_UNDERTYPE','SVP_MER_OPPHOLD',null,'Mer opphold i utlandet enn i Norge');

INSERT INTO KODELISTE_NAVN_I18N (ID,KL_KODEVERK,KL_KODE,SPRAK,NAVN)
VALUES (SEQ_KODELISTE_NAVN_I18N.NEXTVAL,'HENDELSE_UNDERTYPE','SVP_MER_OPPHOLD','NB','Mer opphold i utlandet enn i Norge');

INSERT INTO KODELISTE (ID,KODEVERK,KODE,OFFISIELL_KODE,BESKRIVELSE)
VALUES (seq_kodeliste.nextval,'HENDELSE_UNDERTYPE','SVP_ENDRING_TERMINDATO',null,'Endring i termindato');

INSERT INTO KODELISTE_NAVN_I18N (ID,KL_KODEVERK,KL_KODE,SPRAK,NAVN)
VALUES (SEQ_KODELISTE_NAVN_I18N.NEXTVAL,'HENDELSE_UNDERTYPE','SVP_ENDRING_TERMINDATO','NB','Endring i termindato');

INSERT INTO KODELISTE (ID,KODEVERK,KODE,OFFISIELL_KODE,BESKRIVELSE)
VALUES (seq_kodeliste.nextval,'HENDELSE_UNDERTYPE','SVP_TIDLIG_FODSEL',null,'Tidlig fødsel');

INSERT INTO KODELISTE_NAVN_I18N (ID,KL_KODEVERK,KL_KODE,SPRAK,NAVN)
VALUES (SEQ_KODELISTE_NAVN_I18N.NEXTVAL,'HENDELSE_UNDERTYPE','SVP_TIDLIG_FODSEL','NB','Tidlig fødsel');

INSERT INTO KODELISTE (ID,KODEVERK,KODE,OFFISIELL_KODE,BESKRIVELSE)
VALUES (seq_kodeliste.nextval,'HENDELSE_UNDERTYPE','SVP_IKKE_HELSEFARLIG',null,'Ikke helsefarlig for ventende barn');

INSERT INTO KODELISTE_NAVN_I18N (ID,KL_KODEVERK,KL_KODE,SPRAK,NAVN)
VALUES (SEQ_KODELISTE_NAVN_I18N.NEXTVAL,'HENDELSE_UNDERTYPE','SVP_IKKE_HELSEFARLIG','NB','Ikke helsefarlig for ventende barn');

INSERT INTO KODELISTE (ID,KODEVERK,KODE,OFFISIELL_KODE,BESKRIVELSE)
VALUES (seq_kodeliste.nextval,'HENDELSE_UNDERTYPE','SVP_TILRETTELEGGING_FULLT_MULIG',null,'Tilrettelegging fullt mulig');

INSERT INTO KODELISTE_NAVN_I18N (ID,KL_KODEVERK,KL_KODE,SPRAK,NAVN)
VALUES (SEQ_KODELISTE_NAVN_I18N.NEXTVAL,'HENDELSE_UNDERTYPE','SVP_TILRETTELEGGING_FULLT_MULIG','NB','Tilrettelegging fullt mulig');

INSERT INTO KODELISTE (ID,KODEVERK,KODE,OFFISIELL_KODE,BESKRIVELSE)
VALUES (seq_kodeliste.nextval,'HENDELSE_UNDERTYPE','SVP_TILRETTELEGGING_DELVIS_MULIG',null,'Tilrettelegging delvis mulig');

INSERT INTO KODELISTE_NAVN_I18N (ID,KL_KODEVERK,KL_KODE,SPRAK,NAVN)
VALUES (SEQ_KODELISTE_NAVN_I18N.NEXTVAL,'HENDELSE_UNDERTYPE','SVP_TILRETTELEGGING_DELVIS_MULIG','NB','Tilrettelegging delvis mulig');

INSERT INTO KODELISTE (ID,KODEVERK,KODE,OFFISIELL_KODE,BESKRIVELSE)
VALUES (seq_kodeliste.nextval,'HENDELSE_UNDERTYPE','SVP_TILRETTELEGGING_IKKE_MULIG',null,'Tilrettelegging ikke mulig');

INSERT INTO KODELISTE_NAVN_I18N (ID,KL_KODEVERK,KL_KODE,SPRAK,NAVN)
VALUES (SEQ_KODELISTE_NAVN_I18N.NEXTVAL,'HENDELSE_UNDERTYPE','SVP_TILRETTELEGGING_IKKE_MULIG','NB','Tilrettelegging ikke mulig');

INSERT INTO KODELISTE (ID,KODEVERK,KODE,OFFISIELL_KODE,BESKRIVELSE)
VALUES (seq_kodeliste.nextval,'HENDELSE_UNDERTYPE','SVP_FEIL_ARBEIDSFORHOLD',null,'Feil arbeidsforhold');

INSERT INTO KODELISTE_NAVN_I18N (ID,KL_KODEVERK,KL_KODE,SPRAK,NAVN)
VALUES (SEQ_KODELISTE_NAVN_I18N.NEXTVAL,'HENDELSE_UNDERTYPE','SVP_FEIL_ARBEIDSFORHOLD','NB','Feil arbeidsforhold');

INSERT INTO KODELISTE (ID,KODEVERK,KODE,OFFISIELL_KODE,BESKRIVELSE)
VALUES (seq_kodeliste.nextval,'HENDELSE_UNDERTYPE','SVP_FEIL_ARBEIDSKATEGORI',null,'Feil arbeidskategori');

INSERT INTO KODELISTE_NAVN_I18N (ID,KL_KODEVERK,KL_KODE,SPRAK,NAVN)
VALUES (SEQ_KODELISTE_NAVN_I18N.NEXTVAL,'HENDELSE_UNDERTYPE','SVP_FEIL_ARBEIDSKATEGORI','NB','Feil arbeidskategori');

INSERT INTO KODELISTE (ID,KODEVERK,KODE,OFFISIELL_KODE,BESKRIVELSE)
VALUES (seq_kodeliste.nextval,'HENDELSE_UNDERTYPE','SVP_IKKE_ARBEID',null,'Ikke i arbeid siste 4 uker');

INSERT INTO KODELISTE_NAVN_I18N (ID,KL_KODEVERK,KL_KODE,SPRAK,NAVN)
VALUES (SEQ_KODELISTE_NAVN_I18N.NEXTVAL,'HENDELSE_UNDERTYPE','SVP_IKKE_ARBEID','NB','Ikke i arbeid siste 4 uker');

INSERT INTO KODELISTE (ID,KODEVERK,KODE,OFFISIELL_KODE,BESKRIVELSE)
VALUES (seq_kodeliste.nextval,'HENDELSE_UNDERTYPE','SVP_IKKE_TAP',null,'Ikke tap av pensjonsgivende inntekt');

INSERT INTO KODELISTE_NAVN_I18N (ID,KL_KODEVERK,KL_KODE,SPRAK,NAVN)
VALUES (SEQ_KODELISTE_NAVN_I18N.NEXTVAL,'HENDELSE_UNDERTYPE','SVP_IKKE_TAP','NB','Ikke tap av pensjonsgivende inntekt');

INSERT INTO KODELISTE (ID,KODEVERK,KODE,OFFISIELL_KODE,BESKRIVELSE)
VALUES (seq_kodeliste.nextval,'HENDELSE_UNDERTYPE','SVP_ENDRING_GRUNNLAG',null,'Endring i selve grunnlaget');

INSERT INTO KODELISTE_NAVN_I18N (ID,KL_KODEVERK,KL_KODE,SPRAK,NAVN)
VALUES (SEQ_KODELISTE_NAVN_I18N.NEXTVAL,'HENDELSE_UNDERTYPE','SVP_ENDRING_GRUNNLAG','NB','Endring i selve grunnlaget');

INSERT INTO KODELISTE (ID,KODEVERK,KODE,OFFISIELL_KODE,BESKRIVELSE)
VALUES (seq_kodeliste.nextval,'HENDELSE_UNDERTYPE','SVP_INNTEKT_UNDER',null,'Inntekt under 1/2 G');

INSERT INTO KODELISTE_NAVN_I18N (ID,KL_KODEVERK,KL_KODE,SPRAK,NAVN)
VALUES (SEQ_KODELISTE_NAVN_I18N.NEXTVAL,'HENDELSE_UNDERTYPE','SVP_INNTEKT_UNDER','NB','Inntekt under 1/2 G');

INSERT INTO KODELISTE (ID,KODEVERK,KODE,OFFISIELL_KODE,BESKRIVELSE)
VALUES (seq_kodeliste.nextval,'HENDELSE_UNDERTYPE','SVP_ENDRING_PROSENT',null,'Endring i uttaksprosent/gradering');

INSERT INTO KODELISTE_NAVN_I18N (ID,KL_KODEVERK,KL_KODE,SPRAK,NAVN)
VALUES (SEQ_KODELISTE_NAVN_I18N.NEXTVAL,'HENDELSE_UNDERTYPE','SVP_ENDRING_PROSENT','NB','Endring i uttaksprosent/gradering');

INSERT INTO KODELISTE (ID,KODEVERK,KODE,OFFISIELL_KODE,BESKRIVELSE)
VALUES (seq_kodeliste.nextval,'HENDELSE_UNDERTYPE','SVP_ENDRING_PERIODE',null,'Endring av periode');

INSERT INTO KODELISTE_NAVN_I18N (ID,KL_KODEVERK,KL_KODE,SPRAK,NAVN)
VALUES (SEQ_KODELISTE_NAVN_I18N.NEXTVAL,'HENDELSE_UNDERTYPE','SVP_ENDRING_PERIODE','NB','Endring av periode');

INSERT INTO KODELISTE (ID,KODEVERK,KODE,OFFISIELL_KODE,BESKRIVELSE)
VALUES (seq_kodeliste.nextval,'HENDELSE_UNDERTYPE','SVP_INNTEKT_IKKE_TAP',null,'Ikke tap av pensjonsgivende inntekt');

INSERT INTO KODELISTE_NAVN_I18N (ID,KL_KODEVERK,KL_KODE,SPRAK,NAVN)
VALUES (SEQ_KODELISTE_NAVN_I18N.NEXTVAL,'HENDELSE_UNDERTYPE','SVP_INNTEKT_IKKE_TAP','NB','Ikke tap av pensjonsgivende inntekt');

--kodeliste_relasjon
INSERT INTO KODELISTE_RELASJON (ID,KODEVERK1,KODE1,KODEVERK2,KODE2)
VALUES (SEQ_KODELISTE_RELASJON.NEXTVAL,'HENDELSE_TYPE','SVP_MEDLEMSKAP','HENDELSE_UNDERTYPE','SVP_UTVANDRET');

INSERT INTO KODELISTE_RELASJON (ID,KODEVERK1,KODE1,KODEVERK2,KODE2)
VALUES (SEQ_KODELISTE_RELASJON.NEXTVAL,'HENDELSE_TYPE','SVP_MEDLEMSKAP','HENDELSE_UNDERTYPE','SVP_MEDLEM_I_ANNET_LAND');

INSERT INTO KODELISTE_RELASJON (ID,KODEVERK1,KODE1,KODEVERK2,KODE2)
VALUES (SEQ_KODELISTE_RELASJON.NEXTVAL,'HENDELSE_TYPE','SVP_MEDLEMSKAP','HENDELSE_UNDERTYPE','SVP_IKKE_OPPHOLDSTILLATLSE');

INSERT INTO KODELISTE_RELASJON (ID,KODEVERK1,KODE1,KODEVERK2,KODE2)
VALUES (SEQ_KODELISTE_RELASJON.NEXTVAL,'HENDELSE_TYPE','SVP_MEDLEMSKAP','HENDELSE_UNDERTYPE','SVP_IKKE_JOBBET');

INSERT INTO KODELISTE_RELASJON (ID,KODEVERK1,KODE1,KODEVERK2,KODE2)
VALUES (SEQ_KODELISTE_RELASJON.NEXTVAL,'HENDELSE_TYPE','SVP_MEDLEMSKAP','HENDELSE_UNDERTYPE','SVP_MER_OPPHOLD');

INSERT INTO KODELISTE_RELASJON (ID,KODEVERK1,KODE1,KODEVERK2,KODE2)
VALUES (SEQ_KODELISTE_RELASJON.NEXTVAL,'HENDELSE_TYPE','SVP_FAKTA_TYPE','HENDELSE_UNDERTYPE','SVP_ENDRING_TERMINDATO');

INSERT INTO KODELISTE_RELASJON (ID,KODEVERK1,KODE1,KODEVERK2,KODE2)
VALUES (SEQ_KODELISTE_RELASJON.NEXTVAL,'HENDELSE_TYPE','SVP_FAKTA_TYPE','HENDELSE_UNDERTYPE','SVP_TIDLIG_FODSEL');

INSERT INTO KODELISTE_RELASJON (ID,KODEVERK1,KODE1,KODEVERK2,KODE2)
VALUES (SEQ_KODELISTE_RELASJON.NEXTVAL,'HENDELSE_TYPE','SVP_FAKTA_TYPE','HENDELSE_UNDERTYPE','SVP_IKKE_HELSEFARLIG');

INSERT INTO KODELISTE_RELASJON (ID,KODEVERK1,KODE1,KODEVERK2,KODE2)
VALUES (SEQ_KODELISTE_RELASJON.NEXTVAL,'HENDELSE_TYPE','SVP_ARBEIDSGIVERS_FORHOLD_TYPE','HENDELSE_UNDERTYPE','SVP_TILRETTELEGGING_FULLT_MULIG');

INSERT INTO KODELISTE_RELASJON (ID,KODEVERK1,KODE1,KODEVERK2,KODE2)
VALUES (SEQ_KODELISTE_RELASJON.NEXTVAL,'HENDELSE_TYPE','SVP_ARBEIDSGIVERS_FORHOLD_TYPE','HENDELSE_UNDERTYPE','SVP_TILRETTELEGGING_DELVIS_MULIG');

INSERT INTO KODELISTE_RELASJON (ID,KODEVERK1,KODE1,KODEVERK2,KODE2)
VALUES (SEQ_KODELISTE_RELASJON.NEXTVAL,'HENDELSE_TYPE','SVP_ARBEIDSGIVERS_FORHOLD_TYPE','HENDELSE_UNDERTYPE','SVP_TILRETTELEGGING_IKKE_MULIG');

INSERT INTO KODELISTE_RELASJON (ID,KODEVERK1,KODE1,KODEVERK2,KODE2)
VALUES (SEQ_KODELISTE_RELASJON.NEXTVAL,'HENDELSE_TYPE','SVP_ARBEIDSFORHOLD_TYPE','HENDELSE_UNDERTYPE','SVP_FEIL_ARBEIDSFORHOLD');

INSERT INTO KODELISTE_RELASJON (ID,KODEVERK1,KODE1,KODEVERK2,KODE2)
VALUES (SEQ_KODELISTE_RELASJON.NEXTVAL,'HENDELSE_TYPE','SVP_ARBEIDSFORHOLD_TYPE','HENDELSE_UNDERTYPE','SVP_FEIL_ARBEIDSKATEGORI');

INSERT INTO KODELISTE_RELASJON (ID,KODEVERK1,KODE1,KODEVERK2,KODE2)
VALUES (SEQ_KODELISTE_RELASJON.NEXTVAL,'HENDELSE_TYPE','SVP_OPPTJENING_TYPE','HENDELSE_UNDERTYPE','SVP_IKKE_ARBEID');

INSERT INTO KODELISTE_RELASJON (ID,KODEVERK1,KODE1,KODEVERK2,KODE2)
VALUES (SEQ_KODELISTE_RELASJON.NEXTVAL,'HENDELSE_TYPE','SVP_OPPTJENING_TYPE','HENDELSE_UNDERTYPE','SVP_IKKE_TAP');

INSERT INTO KODELISTE_RELASJON (ID,KODEVERK1,KODE1,KODEVERK2,KODE2)
VALUES (SEQ_KODELISTE_RELASJON.NEXTVAL,'HENDELSE_TYPE','SVP_BEREGNING_TYPE','HENDELSE_UNDERTYPE','SVP_ENDRING_GRUNNLAG');

INSERT INTO KODELISTE_RELASJON (ID,KODEVERK1,KODE1,KODEVERK2,KODE2)
VALUES (SEQ_KODELISTE_RELASJON.NEXTVAL,'HENDELSE_TYPE','SVP_BEREGNING_TYPE','HENDELSE_UNDERTYPE','SVP_INNTEKT_UNDER');

INSERT INTO KODELISTE_RELASJON (ID,KODEVERK1,KODE1,KODEVERK2,KODE2)
VALUES (SEQ_KODELISTE_RELASJON.NEXTVAL,'HENDELSE_TYPE','SVP_UTTAK_TYPE','HENDELSE_UNDERTYPE','SVP_ENDRING_PROSENT');

INSERT INTO KODELISTE_RELASJON (ID,KODEVERK1,KODE1,KODEVERK2,KODE2)
VALUES (SEQ_KODELISTE_RELASJON.NEXTVAL,'HENDELSE_TYPE','SVP_UTTAK_TYPE','HENDELSE_UNDERTYPE','SVP_ENDRING_PERIODE');

INSERT INTO KODELISTE_RELASJON (ID,KODEVERK1,KODE1,KODEVERK2,KODE2)
VALUES (SEQ_KODELISTE_RELASJON.NEXTVAL,'HENDELSE_TYPE','SVP_INNTEKT_TYPE','HENDELSE_UNDERTYPE','SVP_INNTEKT_IKKE_TAP');

update kodeliste set gyldig_fom = to_date('01.01.2000','DD.MM.RRRR') where kodeverk = 'HENDELSE_TYPE';
update kodeliste set gyldig_fom = to_date('01.01.2000','DD.MM.RRRR') where kodeverk = 'HENDELSE_UNDERTYPE';
update KODELISTE_RELASJON set gyldig_fom = to_date('01.01.2000','DD.MM.RRRR') where kodeverk1 = 'HENDELSE_TYPE';
update KODELISTE_RELASJON set gyldig_fom = to_date('01.01.2000','DD.MM.RRRR') where kodeverk2 = 'HENDELSE_TYPE';
